  Average Value Weighted Returns -- Monthly,,,,,,,,,,,,,,,,,,,,,,,,,,,,,,,,
DATE,SMALL LoBM LoOP,ME1 BM1 OP2,ME1 BM1 OP3,ME1 BM1 HiOP,ME1 BM2 LoOP,ME1 BM2 OP2,ME1 BM2 OP3,ME1 BM2 HiOP,ME1 BM3 LoOP,ME1 BM3 OP2,ME1 BM3 OP3,ME1 BM3 HiOP,ME1 BM4 LoOP,ME1 BM4 OP2,ME1 BM4 OP3,SMALL HiBM HiOP,BIG LoBM LoOP,ME2 BM1 OP2,ME2 BM1 OP3,ME2 BM1 HiOP,ME2 BM2 LoOP,ME2 BM2 OP2,ME2 BM2 OP3,ME2 BM2 HiOP,ME2 BM3 LoOP,ME2 BM3 OP2,ME2 BM3 OP3,ME2 BM3 HiOP,ME2 BM4 LoOP,ME2 BM4 OP2,ME2 BM4 OP3,BIG HiBM HiOP
199007,-4.54,-5.16,-4.23,-4.52,-2.55,-1.54,-3.59,-2.04,-1.98,-2.06,-3.34,-2.1,-4.76,-7.44,-3.36,-1.6,-5.17,3.41,-0.55,-0.39,0.6,-2.77,2.39,-0.95,2.39,-2.11,1.11,2.56,-4.22,-3.73,-1.88,-2.93
199008,-12.97,-10.34,-12.64,-13.57,-14.49,-10.15,-11.57,-14.63,-9.88,-8.87,-10.51,-9.73,-13.8,-8.64,-11.4,-14.3,-14.17,-7.47,-7.56,-8.3,-8.66,-9.74,-8.14,-9.41,-5.71,-9.68,-6.46,-9.65,-9.56,-11.14,-9.85,-14.75
199009,-11.26,-7.76,-10.32,-10.02,-11.7,-6.89,-6.92,-9.14,-9.48,-7.13,-7.61,-5.09,-9.74,-8.77,-10.48,-7.1,-9.17,-5.9,-5.99,-4.96,-6.73,-5.64,-5.35,0.65,-3.65,-3.08,-2.66,-5.76,-11.34,-9.35,-4.71,-11.54
199010,-8.1,-10.49,-3.52,-4.05,-6.77,-7.06,-5.85,-5.56,-6.88,-5.49,-6.22,-5.18,-8.9,-8.51,-6.38,-1.02,-6.56,-6.48,-0.87,2.72,-1.15,-3.95,-1.78,2.31,-4.64,-1.49,0.05,-5.01,-3.98,-2.49,-0.45,-6.35
199011,10.34,5.76,9.62,8.18,6.11,5.11,7.93,7.81,3.41,5.35,10.06,5.93,4.52,5.99,2.41,-2.04,13.04,10.29,8.09,5.92,6.8,8.4,4.7,4.91,6.46,8.71,3.92,9.58,9.09,6.61,5.52,1.16
199012,3.51,3.19,6.34,5.37,-2.91,4.46,3.77,6.33,3.69,4.95,6.29,3.16,1.69,3.65,6.21,1.64,5.18,-2.29,2.28,3.38,3.32,2.56,3.61,1.92,3.37,2.04,1.54,3.91,1.6,2.47,6.74,0.91
199101,8.24,4.31,10.04,8.88,8.4,5.02,6.53,11.39,4.69,5.81,8.76,3.95,10.74,8.14,9.74,12.24,3.82,3.78,6.67,4.66,5.17,6.34,3.46,1.48,0.68,8.76,0.79,2.94,7.42,9.48,6.67,9.86
199102,19.23,15.49,10.77,11.38,10.18,10.29,11.89,10.75,14.54,10.26,9.27,10.35,15.57,15.8,10.55,11.14,8.16,9.79,8.73,8.87,6.94,8.49,5.65,5.44,7.92,5.2,5.97,6.14,9.52,7.13,5.45,11.05
199103,10.23,0.57,7.81,6.84,9.28,6.22,5.04,4.95,4.11,5.71,8.67,1.4,6.48,5.59,5.46,1.73,2.85,0.82,1.73,4.78,1.84,1.91,2.88,1.31,0.53,-2.47,1.08,-0.18,3.4,-0.23,2.55,-0.17
199104,-2.8,1.78,-1.01,-0.38,-0.65,0.33,0.86,2,0.43,2.93,-0.54,0.32,0.4,3.87,-0.73,0.57,4.57,-2.31,-0.45,0.06,-2.15,2.23,0.99,-1.43,0.28,-2.59,1.54,6.52,2.45,-0.18,2.08,1.42
199105,7.09,3.84,5.5,5.27,3,5.01,5.51,5.61,4.29,4.24,3.41,3.35,2.68,4.1,1.78,1.94,3.29,4.1,6.15,3.7,5.73,5.39,3.69,-0.34,2.41,6.33,2.47,8.31,5.8,8.94,5.87,12.16
199106,-6.86,-7.61,-4.81,-3.27,-2.78,-2.61,-2.7,-4.05,-6.1,-2.51,-2.82,-0.33,-6.06,-2.16,-1.86,-0.31,-6.84,-4.67,-6.92,-3.78,-5.38,-6.42,-3.22,-3.37,-5.3,-6.02,-2.01,-4.85,-5.13,-5.51,-3.16,-0.95
199107,4.03,6.19,2.97,4.97,2.84,4.15,2.81,1.44,1.61,2.44,1.24,3.86,4.73,3.34,2.91,4.19,11.28,-2.11,7.13,6.73,1.29,5.2,2.27,3.6,3.19,3.38,4.95,4.9,3.78,2.51,2.78,6.19
199108,3.82,5.35,4.45,4.99,-1.93,3.93,2.49,2.27,5.95,2.12,3.09,1.45,3,5.3,1.69,-1.34,3.01,1.94,4.6,4.06,-1.33,2.87,1.95,2.18,3.49,1.72,0.78,2.07,1.43,0.63,4.94,3.44
199109,8.59,-0.17,-0.62,-0.59,0.65,-0.29,0.86,1.43,-1.07,0.63,0.02,0.3,-5.98,-2.29,1.36,-0.35,4.19,-1.26,-2.42,-2.59,-1.77,-1.37,-2.44,-0.47,-1.17,-0.97,1.68,0.6,-2.66,-1.2,-4.56,-3.48
199110,7.78,4.11,1.97,1.7,4.59,4.47,1.95,2.72,5.83,1.67,2.25,0.35,5.5,1.95,3.52,3.6,10.11,4.67,3.12,1.61,0.49,3.85,1.46,0.2,-2.06,2.35,1.03,2.48,3.62,1.78,2.33,0.48
199111,-7.19,-8.18,-2.1,-4.88,-8.55,-3.71,-2.56,-3.42,-7.7,-4.37,-3.39,-8.97,-5.5,-5.84,-8.02,-7.86,-4.06,-2.31,-2.66,-0.77,-6.27,-4.57,-4.71,-5.63,-1.88,-5.38,-3.4,-6.32,-4.56,-5.32,-10.6,-11.87
199112,8.55,11.85,9.74,9.1,0.21,6.11,4.05,7.27,4.27,5.55,6.18,4.82,4.43,10.15,7,8.57,18.98,11.75,14.17,14.84,8.55,11.37,9.22,9.27,7.26,10.57,4.58,7.65,7.76,9.26,11.42,12.25
199201,14.71,5.22,3.85,6.87,9.65,6.93,5.15,8.04,9.2,9.39,8.2,13.69,19.89,8.82,8.99,8.79,-4.51,-0.08,-1.97,-3.09,-2.37,-4.33,0.05,-1.81,-0.55,-0.61,-1.52,-2.15,2.72,4.96,3.28,13.42
199202,-1.78,0.17,-0.11,2.74,-0.49,3.23,2.19,3.39,4.9,5.07,4.13,5.71,11.27,6.73,10.16,6.26,-5.17,0.84,-0.15,0.18,0.3,2.08,0.73,-1.39,0.87,3.36,0.46,0.11,5.08,6.27,4.78,6.97
199203,-6.53,-9.94,-4.97,-5.85,-3.5,-1.88,-0.75,-2.2,-2.48,-0.75,-1.15,0.56,-2.87,0.46,-0.39,-2.39,-8.07,-3.4,-4.18,-2.68,-2.77,-3.08,-3.75,-0.36,-0.08,0.13,-1.09,-2.07,-2.21,-2.34,-0.54,-0.31
199204,-12.34,-3.64,-3.95,-3.24,-6,-4.16,-1.78,-2.23,-5.19,-2.81,-2.42,-3.29,-0.37,1.44,2.49,-1.34,-8.55,0.06,-0.31,-0.08,0.56,-0.11,4.37,6.65,0.55,0.55,4.81,5.28,1.62,6.42,2.77,3.91
199205,-2.72,-0.74,0.38,-0.77,1.93,1.96,2.3,-1.92,1.11,0.59,0.01,0.49,5.52,2.22,4.53,1.07,4.91,-5.66,0.51,0.99,0.82,2.06,0.55,-0.2,2.35,0.66,0.58,0.44,0.12,0.04,-1.26,-0.42
199206,-8.97,-7.18,-5.95,-4.76,-2.36,-5.03,-2.28,-1.71,-2.73,-2.95,-3.01,-6.71,-3,-1.48,-2.52,-7.34,-0.76,1.44,-1.79,-3.29,-1.64,-2.15,-0.76,-1.54,-2.13,-2.26,-0.16,0.61,-0.31,0.17,0.02,-3.59
199207,4.65,-0.92,1.4,1.87,-0.11,3.47,3.67,2.51,2.92,3.91,3.48,3.49,4.11,3.15,0.32,7.8,6.72,4.85,5.34,4.76,4.66,4.12,3.16,5.34,2.33,4.54,5.76,4.68,0.57,3.04,3.58,3.24
199208,-10.18,-7.58,-3.05,-1.57,-4.67,-1.57,-1.71,-0.89,-3.12,-1.25,-1.09,-1.05,-4.36,-2.74,-1.84,-1.48,-3.97,-1.75,-0.06,-0.7,-5.25,-3.75,-2.05,-0.43,-3.59,-1.45,-0.8,-1.7,-6.07,-2.97,-3.3,-4.26
199209,0.03,-0.99,2.2,2.04,-0.8,0.94,1.42,2.41,2.66,-0.41,2.72,0.45,-0.6,-0.45,1.46,3.6,0.42,0.82,1.8,0.39,2.02,2.74,1.2,2.79,-2.98,1.87,-0.36,0.79,0.4,1.49,-0.71,1.25
199210,3.36,7.2,4.65,5.31,0.85,2.23,2.31,3.24,3,1.11,1.49,2.26,-1.45,1.02,3,2.95,1.29,4.87,1.84,2.21,1.98,0.77,0.35,-0.09,-5.65,0.79,1.52,-0.68,0.79,1,0.09,1.9
199211,14.99,11.98,7.21,8.5,6.89,6.46,6.86,4.11,3.46,4.65,5.64,5.09,1.23,5.45,7.24,15.11,8.26,5.83,3.38,3.81,4.49,5.7,2.73,3.04,2.39,1.64,-0.05,2.62,5.35,2.85,4.4,7.56
199212,0.25,2,1.27,3,0.77,2.44,3.71,4.16,5.75,4.48,5.43,3.58,4.67,6.1,3.35,5.44,4.12,-1.91,0.61,-0.56,2.97,2,3.15,4.7,-4.35,1.01,3.06,3.84,4.04,2.59,1.2,3.86
199301,-1.03,0.24,1.67,2.54,3.1,0.95,3.64,3.28,4.33,5.21,5.87,5.65,8.23,8.99,7.27,16.22,-2.4,-1.92,-0.84,-2.29,0.17,2.48,0.25,1.7,2.67,1.22,2.05,0.95,5.44,2.1,5.45,1.72
199302,-11.42,-6.33,-5.71,-5.49,-1.19,-2.27,-0.17,0.85,2.7,2.02,1.43,0.99,3.81,2.03,2,1.09,-7.1,-8.81,-2.52,-2.77,2.41,2.63,1.54,3.69,3.52,3.74,5.92,4.91,2.01,2.16,2.62,4.01
199303,3.34,-1.85,0.87,3.12,4.3,1.73,3.62,4.08,4.81,3.69,3.69,3.26,4.52,4.87,3.15,9.53,2.93,5.31,2.7,0.58,5.29,3.68,2.7,2.25,2.17,2.77,2.66,1.77,4.82,2.7,1.27,1.29
199304,-2.17,-1.41,-4.21,-4.33,-0.34,-3.29,-2.06,-1.77,1.21,-0.73,-1.76,-3.67,-1.31,-2.97,-2.87,-2.42,-0.03,-1.45,-3.48,-6.02,-0.37,-4.13,-0.82,-2.23,-0.64,0.8,0.91,-0.45,0.33,-4.42,-1.79,-2.12
199305,7.26,7.92,5.96,5.64,3.89,6.65,3.41,3.56,5.73,3.34,3.03,2.26,4.15,3.64,2.23,1.39,4.13,7.38,3.35,3.78,3.48,2.3,2.85,3.47,5.8,2.28,0.84,1.33,1.16,0.77,0.9,2.03
199306,0.82,3.45,-0.19,0.73,0.05,2.05,0.81,1.46,3.13,0.31,1.17,2.71,2.48,2.14,1.75,-0.34,2.56,-2.69,-1.73,-2.27,-1.56,0.94,-0.62,2.42,0.36,0.34,3.65,0.13,3.34,0.98,3.19,2.32
199307,-1.49,1.21,0.66,-0.12,-1.56,-0.61,1.74,0.07,-0.25,1.48,2.79,-0.13,2.16,3.42,2.16,2.72,1.15,0.91,-2.94,-3.17,1.62,-1.08,0.37,-0.06,4,-0.09,1.82,2.94,-0.29,0.85,0.04,1.94
199308,5.32,4.6,4.64,4.34,5.21,4.3,3.62,4.7,4.67,4.28,5.01,3.4,3.25,3.92,4.12,2.26,6.78,0.42,4.11,3.13,5.94,4.99,3.57,4.98,3.52,3.22,3.69,3.37,4.22,3.85,1.41,4.23
199309,2.27,2.93,2.13,3.12,1.09,0.72,1.2,2.7,3.5,1.6,2.25,2.83,2.66,2.27,2.81,1.6,1.37,-1.42,-1.07,-1.4,-0.25,-0.24,-0.67,-1.01,-0.91,0.42,1.69,-0.22,-1.25,0.22,1.82,2.44
199310,8.9,3.09,2.61,4.19,6.78,3.16,0.36,2.9,4.32,2.28,1.75,2.21,7.31,2.59,4.31,5.15,7.24,4.89,2.99,4.61,2.25,2.22,0.83,1.73,-0.67,-1.74,-0.55,0.41,2.01,-2.17,1.57,4.55
199311,-4.81,-3.1,-2.9,-2.65,-0.92,-3.33,-2.63,-2.2,-3.85,-2.91,-3.14,-0.57,-3.56,-1.12,-3.47,-4.27,-1.98,0.44,1.63,0.44,-2.25,-1.91,-1.73,-2.59,-2.55,-1.48,-3.87,-4.04,-0.72,-1.63,-2.14,-2.59
199312,-2.35,4.34,4.45,3.22,-0.7,3.78,3.6,4.77,2.71,2.57,3.22,2.2,5.43,1.97,2.38,3.86,3.43,3.05,-1.7,1.44,2.32,1.42,3.14,0.76,1.58,2.19,2.82,0.86,2.65,2.66,2.43,3.46
199401,4.71,0.74,1.64,1.52,4.43,2.96,2.42,2.72,5.05,4.2,2.62,1.7,6.3,6.83,5.5,5.18,3.05,0.62,1.37,2.28,6.12,4.4,4.39,3.21,4.85,3.72,1.1,2.3,5.31,2.99,3.73,5.65
199402,-5.87,-2.02,0.59,0.45,-2.42,-0.63,1.13,0.33,-2.23,-1.4,-0.17,-1.77,-0.61,-1.32,-0.38,-0.34,-5.25,-0.45,-1.16,-2.82,-0.74,-0.24,-0.88,-1.89,-5.22,-2.07,-2.52,-5.87,-3.76,-3.86,-3.47,-5.02
199403,-7.84,-7.97,-5.82,-5.38,-6.08,-4.26,-4.9,-4.28,-4.92,-4.08,-3.78,-3.03,-5.05,-2.97,-3.84,-5.45,-9.48,-3.6,-4.87,-4.94,-1.57,-4.2,-3.83,-4.4,-4.85,-4.18,-4.58,-3.28,-3.93,-3.07,-4.61,-4.4
199404,-5.96,0.95,0.54,-0.39,-1.44,0.39,0.41,0.44,1.46,0.73,0.55,1.53,0.63,2.37,2.89,1.01,-2.05,-0.97,-0.95,1.74,1.01,-0.58,-0.15,1.51,1.78,2.61,2.73,2.35,-0.25,3.52,0.98,-0.45
199405,-1.4,-2.64,-1.32,-2.73,-3.2,-0.88,-1.24,-0.61,-0.93,0.77,0.65,0.29,0.08,1.17,-0.19,1.85,-0.75,1.35,0.68,1.34,-0.03,1.25,2.04,0.49,3.93,1.91,-0.87,-2.43,2.32,1.75,-1.24,0.75
199406,-8.53,-7.14,-5.82,-4.12,-6.86,-2.89,-2,-2.77,-2.77,-2.34,-1.59,-0.88,-2.25,-1.42,-1.48,-0.93,-5.85,-5.48,-2.38,-3.09,-4.44,-1.48,-3.85,-0.8,-2.38,-2.64,-2.05,-1.63,-3,-3.45,-1.81,-2.32
199407,0.05,0.33,2.41,2.22,-1.99,2.4,1.24,1.7,2.25,0.84,1.84,1.18,4.11,2,1.58,0.46,3.7,1.87,2.26,2.59,4.2,2.74,3.78,2.93,5.97,3.49,3.42,3.38,3.36,3.47,3.73,3.96
199408,6.76,5.93,7.75,6.3,5.72,6.04,3.68,4.87,3.07,2.45,2.83,5.44,2.39,2.65,4.58,3.96,7.95,8.03,6,6.26,7.26,5.58,3.02,3.57,3.33,4.15,1.43,0.86,5.1,3.2,4.18,4.98
199409,-2.22,1.7,3.08,-0.13,-0.36,1.61,1.09,0.86,1.87,1.07,1.33,1.35,1.51,-0.33,-1.12,-0.94,0.52,-1.17,-0.37,-0.25,-2.94,-1.76,-3.36,-3.06,-1.12,-1,-2.6,-5.77,-2.48,-3.14,-5,-3.21
199410,-3.26,0.97,2.99,1.5,-2.23,0.44,0.16,0.27,-0.72,-0.54,-0.31,-1.09,-0.6,-1.79,-1.89,-3.46,1.01,2.17,0.77,2.64,-1.88,2.46,3.68,0.5,3.33,0.64,2.81,2.74,-0.29,0.37,1.95,-0.22
199411,-4.08,-4.61,-3.39,-3.13,-6.72,-4.1,-2.45,-5.72,-4.35,-3.35,-3.43,-2.83,-5.31,-5.1,-4.04,-3.48,-6.33,-3.28,-1.95,-2.12,-4.15,-4.56,-5.3,-3.69,-4.11,-4.48,-1.33,-3.54,-4.41,-4.59,-6.42,-5.43
199412,-4.01,0.95,3.01,1.76,-1.5,1.72,1.56,2.85,0.33,1.72,1.72,-0.58,0,0.27,-0.48,-1.3,0.92,0.27,-0.56,2.05,0.05,0.82,3.18,0.86,2.82,1.96,-0.44,1.13,1.86,-0.55,0.02,2.5
199501,-1.31,-1.3,-0.98,-0.69,2.01,0.02,-1.2,0.39,1.98,-1.01,0.58,1.7,-0.15,1.79,1.31,2.83,-4.43,-2.71,3.75,2.17,2.37,0.18,0.91,2.83,2.07,0.52,3.24,1.77,1.92,3.48,6.08,3.23
199502,1.44,5.27,4.92,3.08,2.17,2.7,3.82,3.91,4.11,2.86,3.53,3.28,7.89,3.76,3.78,2.19,3.05,2.72,4.35,3.11,1.11,6.04,5.92,4.42,1.66,4.36,2.71,3.44,5.46,5.23,6.1,3.43
199503,3.18,3.87,3.7,2.67,6.76,3.58,1.99,0.43,2.3,2.87,1.66,0.94,0.04,2.52,-0.99,1.28,2.67,1.79,3.97,3.16,5.85,3.19,2.93,3.32,3.29,3.9,2.51,1.38,2.35,1.42,-1.61,3.89
199504,3.09,0.92,-0.62,1.36,4.54,2.47,3.58,3.18,2.38,3.49,2.52,2.53,3.09,4.52,3.55,3.31,0.52,-1.94,-1.9,3.43,1.28,0.77,3.36,4.6,2.68,1.79,2.25,3.33,3.91,2.4,3.32,3.71
199505,3.28,1.49,1.03,1.57,2.25,1.63,1.48,2.25,3.55,2.31,2.55,2.47,2.43,2.23,2.68,0.89,-0.39,0.72,4.78,3.78,1.2,3.68,2.82,2.43,2.53,3.4,5.69,3.31,3.84,5.73,7.85,2.37
199506,9.74,7.92,8.28,7.33,9.08,3.64,5.35,3.91,7,4.1,4.29,2.77,6.49,4.86,3.13,1.14,7.39,5.26,5.35,3.39,2.56,3.46,1.28,3.92,1.95,2.05,-1.13,2.69,2.26,1.43,0.94,5.08
199507,8.5,5.64,8.58,9.08,6.23,3.88,4.13,4.04,4.52,3.96,4.69,4.84,7.19,4.17,3.86,4.12,8.56,8.65,4.88,3.03,4.87,4.42,3.83,3.58,4.3,2.91,2.27,7.88,3.78,3.45,4.24,-0.26
199508,3.62,2.93,-0.95,1.82,6.57,0.2,2.21,1.88,5.86,3.49,2.7,3.21,5.92,4.49,2.35,-1.55,3.95,-2.74,-1.92,0.83,1.86,-0.26,-0.85,-0.18,1.84,-0.92,0.79,1.17,3.17,3.46,3.04,1.87
199509,4.35,2.43,3.01,2.62,0.89,3.23,1.85,0.55,4.33,2.48,1.75,-0.48,1.34,5.28,1.21,0.48,1.27,0.62,2.66,6.47,1.41,2.57,1.95,3.85,3.39,2.97,3.96,0.55,1.92,4.52,5.68,3.79
199510,-7.39,-4.4,-7.1,-3.9,-8.55,-5.71,-5.44,-5.04,-7.19,-4.61,-3.49,-2.6,-5.31,-3.47,-3.32,-3.19,-1.23,-0.84,-3.93,1.45,-3.37,-4.91,0.74,-0.16,-1.84,-0.59,-0.72,2.26,-1.34,-2.03,-3.07,-5.09
199511,2.98,9.83,3.08,3.33,4.76,3.78,2.99,3.14,6.16,3.55,2.23,3.63,-0.16,10.86,2.15,4.5,6.64,10.44,4.49,3.81,5.73,5.39,3.57,3.74,6.5,3.82,4.97,2.6,4.67,5.85,3.51,1.84
199512,3.43,4.2,0.26,2.41,5.77,2.64,1.91,1.83,6.03,1.97,1.36,1.7,1.58,-4.77,3.45,4.4,2.79,-0.85,-2.95,0.83,0.39,0.37,1.32,2.79,1.99,3.17,4.54,1.94,0.33,2.35,0.51,1.36
199601,5.99,-0.33,-2.94,-0.56,1.97,0.47,0.68,-1.2,3.81,0.68,-0.01,0.64,2.13,0.62,0.85,0.67,3.93,-1.61,-1.22,4.21,3.02,4.01,3.69,3.26,2.14,1.44,2.72,5.06,2.32,2.16,5.6,1.19
199602,4.59,5.61,5.6,5.09,2.62,3.64,2.34,3.3,2.96,2.65,1.81,3.55,4.24,1.47,0.73,1.43,4.43,2.34,2.86,1.06,2.2,3.05,3.02,0.79,2.54,0.69,0,1.61,0.63,1.97,0.26,4.2
199603,0.86,-0.54,0.7,4.16,0.71,1.34,1.76,3.89,4.29,3.29,3.12,2.19,1.66,2.31,1.98,4.23,-1.23,4.36,2.34,-0.65,0.83,3.44,1.05,2.8,1.93,2.96,1.45,-1.62,0.18,2.82,-0.5,5.21
199604,9.28,12.12,10.78,8.39,8.07,6.42,4.99,4.77,15.28,4.32,3.91,4.55,6.53,2.96,4.27,3.9,4.61,6.08,1.82,2.11,4.11,3.61,3.83,1.86,1.63,2.39,0.76,1.84,-0.21,-0.59,-1.37,4.79
199605,6.61,4.02,8.18,5.58,5.91,6.16,4.61,3.83,14.08,5.21,3.32,3.61,7.03,5.74,2.8,8.23,2.15,4.13,3.84,4.03,3.44,-0.38,2.03,2.62,0.43,0.81,1.35,0.25,1.12,2.4,2.55,3.18
199606,-9.37,-9.62,-8.58,-4.35,-11.14,-2.77,-2.86,-2.2,-11.62,-2.41,-1.14,-1.56,-4.53,-2.41,-1.25,0.36,-13.66,-2.93,-2.59,1.85,-3.81,-2.02,-1.85,0.42,-0.49,0.15,1.77,-1.41,-0.73,0.2,1.02,-5.88
199607,-17.14,-16.26,-12.24,-10.09,-11.9,-7.49,-6.7,-6.53,-11.42,-3.44,-4.25,-5.06,-6.97,-4.14,-6.41,-5.97,-14.71,-8.35,-5.5,-5.27,-6.06,-7.15,-5.31,-4.33,-3.6,-4.33,-3.85,-1.47,-5.44,-2.66,-2.53,-3.95
199608,7.13,8.13,8.57,6,4.67,5.83,4.44,4.6,6.15,3.92,4.7,5.74,2.54,4.48,6.9,3.27,4.74,4.41,2.51,0.98,5.23,4.46,2.86,3.45,3.38,5.63,3.75,5.46,4.2,2.6,3.36,4.96
199609,3.43,7.59,5.45,4.54,0.58,1.94,3.01,3.03,1.49,3.18,4.28,3.14,2.71,1.64,3.96,2.18,7.85,8.47,9.7,6.64,2.59,5.9,4.53,5.1,3.98,4.16,3.97,5.26,4.3,3.65,4.71,-1.75
199610,-7.53,-4.55,-4.25,-0.53,-3.2,1.5,0.06,1.54,-3.68,1.73,3.6,3.35,1.66,2.04,-0.15,2.16,-7,-2.74,0.65,0.91,0.19,2.17,0.19,3.69,2.78,4.64,5.65,0.98,3.93,5.34,5.87,2.5
199611,-0.84,-0.38,2.53,2.48,2.35,0.21,4.74,5,1.51,4.88,4.92,3.86,2.98,4.97,4.1,6.42,3.1,-0.7,6.61,7.35,3.23,6.28,7.32,8.65,6.41,7.15,4.97,11.27,7.88,9.53,6.89,5.48
199612,1.5,-1.3,1.11,1.51,-0.16,0.48,3.06,3.41,-3.46,1.97,2.73,1.96,0.18,1.41,2.33,-1.66,-3.38,-0.99,-3.37,-1.31,0.14,-2.67,-1.29,-0.76,-1.76,-1.04,-1.73,-1.53,-1.11,-0.66,-2.11,-2.38
199701,5.14,-1.39,5.78,3.82,4.61,3.55,4.04,3.48,8,2.93,3.96,3.96,7.59,2.94,2.42,2.63,1.66,3.54,4.84,7.41,0.76,6.09,4.95,8.19,4.54,4.04,5.25,5.46,4.33,4.89,3.93,1.58
199702,-4.09,-9.52,-9.91,-5.09,0.86,-3.3,-2.08,-1.84,-0.77,0.42,1.49,0.3,1.73,1.78,0.79,-0.67,-7.42,-6.62,-1.18,0.88,-2.23,-1.53,0.31,-1.02,-0.76,0.64,-0.51,-1.51,3.36,3.64,3,1.67
199703,-13.16,-9.85,-8.02,-6.26,-9.84,-5.36,-3.2,-2.29,-5.62,-1.97,-2.31,-2.92,-4.87,-1.9,-1.12,-3.44,-13.88,-4.36,-4.12,-6.28,-7.88,-3.78,-1.28,-3.46,-2.09,-3.64,-2.34,-3.14,-4.33,-5.14,-5.97,-2.87
199704,-6.92,-7.67,-2.46,-1.13,-8.7,-1.85,0.48,0.47,-5.43,-0.58,0.37,1.24,-2.26,-1.61,-0.35,-2.65,-4.03,-4.9,8.24,8.35,-0.77,3.82,3.22,4.57,4.45,4.35,1.67,7.31,2.7,3.57,2.35,8.3
199705,12.52,18.28,18.2,15.02,11.34,12.8,10.66,10.46,10.03,8.61,7.9,9.91,7.99,8.21,8.79,11.52,17.66,14.7,6.37,6.84,8.5,10.43,6.24,5.65,7.9,5.76,4.62,7.13,8.11,4.81,6.2,7.22
199706,-0.66,3.21,5.73,4.47,0.95,4.46,4.48,6.13,-2.04,5.93,6.69,5.78,5.17,7.65,6.46,6.99,-0.8,3.92,7.24,4.19,-1.08,1.79,4.33,3.54,6.2,5,3.24,3.52,4.49,4.05,3.93,1.62
199707,1.78,5.55,8.02,5.98,1.3,5.66,6.08,5.63,3.79,6,4.65,5.49,6.73,4.83,4.8,6.48,10.48,9.6,9.96,6.9,9.91,9.15,9.45,6.69,6.67,11.25,8.61,8.65,6.6,10.51,4.45,6.42
199708,3.75,5.23,4.39,4.27,1.87,2.89,3.6,3.36,1.8,3.35,1.23,1.89,4.13,1.83,3.07,5.15,-3.31,-2.37,-3.65,-7,1,-3.69,-4.36,-2.79,-4.58,-4.88,-1.24,-2.52,-4.41,-3.37,-4.15,0.82
199709,13.93,7.52,8.35,6.87,9.73,5.85,8.67,8.25,7.82,6.53,8.58,7.99,8.87,6.75,8.26,8.4,8.96,4.41,6.44,4.07,8.93,5.62,5.88,5.43,6.44,7.56,4.7,7.76,6.13,7.34,5.31,7.48
199710,-7.83,-8.16,-7.52,-4.22,-7.06,-4.24,-4.06,-3.71,-5.68,-2.51,-2.18,-1.15,-3.99,-1.61,-1.89,-1.39,-5.57,-3.42,-0.52,-3.24,-5.37,-4.88,-4.78,-2.9,-2.69,-3.05,-2.6,-5.37,-4.83,-2.62,1.47,-0.37
199711,-7.54,-5.47,-2.99,-3.42,-7.98,-3.96,-1.36,-1.59,-8.41,-2.55,0.55,-0.42,-1.19,-1.68,-0.07,-0.78,-3.27,0.54,-0.73,6.28,-3.32,1.43,2.06,6.91,0.59,4.38,1.66,0.8,1.99,3.62,6.48,3.09
199712,-4.06,-2.5,1.07,-0.11,-1.36,-2.11,-0.53,1.05,-4.47,2.43,2.88,2.78,-4.94,1.87,3.9,2.75,1.31,3.37,-0.43,0.95,2.14,2.74,1.01,1.82,3.91,3.45,2.23,3.91,2.31,4.54,4.76,8.6
199801,-0.42,-2.15,0.03,-2.12,-1.08,-1.16,-0.58,-1.54,-2.72,-0.93,-2.16,-1.86,-0.43,-1.29,-1.98,4.41,2.58,-4.13,-0.61,4.23,1.05,-0.94,-1.47,0.97,-1.92,-3.35,-3.3,-1.1,2.13,-1.63,-2.94,2.68
199802,6.56,10.53,8.9,8.5,7.86,8.76,6.97,7.35,8.51,6.51,5.35,7.38,7.96,4.71,7.77,9.92,13.67,8.5,6.12,6.56,6.68,7.47,9.13,5.65,7.94,8.63,8.41,7.67,7.97,8.69,5.7,9.09
199803,4.05,5.86,4.23,4.05,5.4,6.02,2.31,4.99,7.24,5.03,4.34,4.82,5.37,5.03,4.58,6.98,12.14,4.38,1.17,5.1,5.7,3.08,4.47,4.46,4.41,6.19,4.98,6.73,7.78,6.12,5.82,10.86
199804,0.43,2.26,2.48,0.2,2.17,2.82,0.51,1.12,2.38,2.02,1.79,2.72,0.33,1.59,2.54,4.61,9.42,3.03,6.04,-0.09,4.95,0.47,2.76,1.36,3.28,0.66,0.57,-2.91,1.51,-0.85,-0.31,5.45
199805,-7.78,-8.6,-6.25,-5.96,-7.91,-6.75,-5.5,-4.94,-7.1,-2.85,-2.84,-3.2,-5.19,-2.02,-2.35,-3.77,-6.15,-0.49,-4.92,-1.79,-7.13,-2.99,-1.83,-2.15,-4.41,-3.26,-2.58,2.62,-1.13,-2.96,-1.78,7.99
199806,-1.92,3.93,1.48,-0.83,0.53,2.69,-1.54,-1.57,0.63,-2.33,0.11,0.21,-2.69,-1.72,-0.54,-0.52,12.39,5.13,3.54,7.25,4.51,-0.42,2.17,-1.7,5.43,0.75,1.01,-1.26,2.76,1.3,1.6,8.65
199807,-6.7,-11.25,-7.19,-8.07,-7.99,-8.17,-5.59,-7.93,-10.18,-7.53,-8.26,-8.09,-7.43,-7.3,-6.64,-3.52,-5.19,1.35,-1.71,-0.31,-5.39,0.16,-1.62,-3.13,-2.69,-3.15,-3.03,-1.19,-4.92,-3.15,-5.14,-6.74
199808,-30.68,-26.84,-25.57,-19.97,-25.71,-20.39,-17.42,-17.39,-26.41,-19.19,-17.11,-16.31,-25.09,-18.02,-17.17,-16.43,-28.86,-10.74,-13.83,-12.87,-17.76,-20.87,-15.54,-15.83,-21.77,-20,-17.6,-15.58,-15.78,-16.61,-11.4,-17.64
199809,15.78,11.35,10.01,5.22,13.35,6.46,5.66,4.52,6.39,6,3.48,2.94,6.5,2.25,4.37,-3.02,28.93,0.27,5.94,8.28,7.09,1.31,6.01,5.08,6.81,7.32,3.64,2.27,5.31,5.38,8.57,6.24
199810,4.55,4.6,6.04,5.8,3.82,2.47,3.48,5.05,4.22,2.85,3.48,3.41,1.24,2.96,3.91,2.39,5.79,15.65,8.54,7.43,6.66,10.99,7.98,8.83,9.78,5.89,7.72,5.46,5.39,6.45,3.99,13.21
199811,12.42,7.15,9.06,6.38,14.72,4.66,5.31,3.85,7.85,4.86,2.69,5.11,11.24,3.37,4.31,4.93,21.69,10.13,6.38,7.84,4.19,5.65,4.52,5.43,3.99,3.77,5.96,6.05,3.84,4.66,2.16,3.78
199812,8.41,13.23,4.26,6.4,7.01,4.42,3.38,3.3,1.13,1.7,2.85,3.59,1.2,2.07,0.52,4.28,21.82,12.93,13.19,6.6,3.34,6.88,4.87,6.4,7.71,2.13,2.08,1.27,4.13,1.69,3.12,7.6
199901,11.15,-2.02,6.63,-0.06,12.16,7.96,-1.08,-1.29,6.61,-0.26,-2.24,-0.71,9.11,2.01,-0.52,1.51,25.98,2.2,5.41,5.15,5.21,4.68,0.59,3.2,4.53,-1.73,0.68,3.77,-0.38,1.83,-3.89,4.21
199902,-7.11,-9.97,-8.88,-8.3,-7.43,-8.75,-5.74,-6.83,-4.77,-8.8,-7.26,-7.97,-7.53,-6.72,-6.42,-4.69,-5.89,-1.05,-3.68,-4.76,-2.03,0.63,-4.69,-1.9,-1.34,-2.88,-1.41,-1.79,-0.22,-3.98,-2.34,-7.54
199903,3.19,-2.2,-0.28,0.24,3.38,5.25,-1.73,0.73,-0.95,-1.24,-0.8,-1.21,0.78,-1.37,-1.51,-0.37,17.43,6.88,9.5,2.99,5.42,4.75,3.16,-0.28,3.76,4.33,3.66,9.29,3.37,2.48,-0.33,-4.56
199904,8.4,7.2,17.26,7.7,11.22,12.57,5.4,11.66,13.07,8.03,9.16,10.89,10,7.62,8.89,5.82,8.89,-1.67,-0.09,1.66,6.86,4.36,7.5,7.21,3.71,9.02,9.22,4.54,8.28,5.78,11.54,13.4
199905,-1.23,6.66,-4.88,3.52,0.43,-1.84,2.06,1.99,4.79,2.01,2.13,3.82,5.39,1.99,4.09,4.81,-8.37,-3.94,-4.08,-2.04,-0.06,-2.83,-1.49,-0.63,1.11,1.27,-3.57,-0.32,-1.21,0.26,0.08,-5.56
199906,8.18,9.6,6.48,5.19,2.35,6.34,4.94,5.9,5.25,4.64,6,3.45,10.77,5.04,6.8,0.64,3.2,10.97,7.05,7.41,8.38,4.02,3.07,3.62,4.32,2.23,3.29,-3.03,1.03,3.44,1.49,-1.44
199907,-2.1,-2.53,-3.21,-0.63,-0.22,0.51,-1.73,-0.87,-1.25,-0.36,-0.94,0.84,-2.76,-0.47,-1.13,-1.69,-9.59,-8.29,-3.83,-2.71,-2.84,-2.06,-1.76,-3.07,-1.24,-3.35,-4.2,-5.88,-2.9,-2.79,-2.48,-3.08
199908,0.44,-2.18,-2.6,-4.37,-1.82,-2.5,-3.71,-2.78,0.05,-2.5,-2.45,-2.2,-0.39,-2.82,-0.82,-6.3,4.16,-2.2,-1.66,2.31,-0.89,-0.03,-2.41,-7.94,-3.71,-2.02,-3.41,-1.59,-5.24,-2.83,-1.61,-2.02
199909,2.92,3.69,2.86,0.93,1.66,0.81,-1.83,-1.63,1.04,-2.68,-2.12,-3.51,-1.87,0.09,-2.41,0.53,2.53,6.49,2.79,-3.3,1.41,-3.47,-2.57,-1.7,-2.08,-4.57,-2.34,-5.51,-6.24,-5.38,-6.64,-2.43
199910,4.89,-1.04,1.99,-1.21,4.93,-1.32,-0.6,-1.29,-0.23,-1.24,-2.36,-3.22,-2.96,-2.4,-3.95,-4.7,6.78,15.95,11.57,5.56,6.13,5.97,4.03,5.17,10.63,8.08,7.39,1.41,6.2,3.4,4.81,2.87
199911,23.32,13.89,7.91,6.41,17.51,4.97,1.83,3.2,7.46,2.1,1.49,0.65,6.8,0.75,0.04,1.47,19.79,3.6,1.71,3.83,7.22,4.22,1.68,3.3,0.57,0.66,-0.39,-3.37,-1.78,-2.79,-4.79,-0.11
199912,25.34,20.79,15.71,9.65,31.56,5.27,2.43,3.64,15.25,4.35,2.61,6.01,10.09,8.37,5.74,6.26,30.93,14.66,8.33,7.32,15.8,5.84,5.54,-0.15,4.68,1.48,8.15,2.35,7.03,0.71,1.58,2.49
200001,12.83,-3.58,-3.31,-5.89,9.15,0.92,-2.95,-2.34,10.87,-0.69,-2.77,-4.21,8.35,-3.39,-2.47,-3.28,-0.35,-13.16,-2.9,-4.22,1.2,-0.43,-4.18,-5.39,-4.85,-2.52,-4.94,-6.86,-4.97,-4.13,-2.68,-6.97
200002,53.11,36.92,19.51,6.84,52.83,11.94,6.31,3.86,42.06,6.45,3.57,4.03,24.21,9.87,0.24,3.78,17.79,-0.26,2.41,0.09,8.08,9.09,-7.13,-6.99,0.95,-4.66,-1.13,-8.36,-6.09,-2.76,-7.36,-10.94
200003,-25.16,-11.52,-5.64,-0.52,-22.7,3.42,2.11,7.29,-12.96,-2.25,4.88,5.86,-4.7,-0.98,7.82,0.93,-4.37,9.96,10.46,9.03,-1.28,7.56,14.12,13.45,5.05,7.37,14.08,11.84,13.93,12.24,16.2,2.69
200004,-23.41,-13.85,-5.39,-3.03,-22.51,-8.54,-0.47,0.49,-11.58,-0.86,-1.5,0.71,-12.29,-5.36,2.65,3.67,-15.87,-7.75,2.97,-4.67,-6.2,-0.4,-2.43,-4.58,-1.26,-3.41,-3.89,8.85,-3.11,-0.36,6.47,0.42
200005,-10.95,-6.55,-4.97,-3.46,-15.06,-6.68,-1.15,-3.71,-14.79,-0.77,-0.71,0.06,-9.45,-3.02,0.7,-1.62,-15.06,-3.59,-4.37,-2.33,-4.97,-3.96,-1.77,-5.82,-2.1,4.12,-1.37,-3.71,-0.05,4.63,-0.57,3.74
200006,30.23,10.92,11.11,6.36,30.8,5.09,6.29,2.01,22.16,7.81,5.46,0.23,13.51,7.05,2.36,-0.11,14.6,1.4,10.05,7.32,5.89,2.51,-6.42,-5.93,4.09,-5.08,3.9,-11.71,-1.07,-5.59,-7.34,-4.18
200007,-12.4,-10.17,-9.31,-0.33,-7.85,-6.72,1.43,3.11,-6.95,-0.58,1.89,4.17,-2.17,3.55,1.35,7.02,-8.54,-1.5,-0.73,-5.64,-9.38,-0.26,-1.75,0.05,-2.74,-0.18,6.16,0.03,-0.75,4.08,5.97,3.6
200008,10.73,6.13,16.04,6.31,10.57,10.33,5.14,5.27,11.48,7.92,6.48,5.94,7.47,5.52,7.63,6.75,16.63,19.62,6.51,5.19,18.53,6.43,9.96,5.03,9.23,4.77,7.98,6.43,4.42,6.53,11.34,5.27
200009,-10.95,-9.35,-4.02,-3.22,-11.41,-3.14,-0.26,-0.86,-5.18,1.48,1.77,0.92,-1.23,-0.68,1.38,-0.7,-7.74,-12.34,-8.99,-4.76,-9.59,-2.22,-1.21,-10.26,-15.73,-2.84,-0.05,-1.81,0.53,0.86,6.58,0.32
200010,-15.07,-13.03,-9.46,-0.86,-12.7,-3.24,-0.73,-1.7,-8.83,-3.7,-0.56,-0.26,-8.8,-1.21,-0.71,-1.36,-17.67,-16.08,-7.07,-0.15,-7.19,-4.53,3.92,6.42,-0.7,-2.61,0.85,7.41,0.05,-1.66,-2.5,2.71
200011,-28.32,-25.01,-12.19,-6.76,-22.26,-13.6,-3.68,-2.44,-22.91,-3.91,-1.97,0.06,-7.39,-1.35,-0.16,-5.52,-34.2,-30.2,-10.64,-8.48,-24.52,-9.07,-5.29,-5.82,-25.4,-7.05,-2.74,-3.4,-5.2,-3.33,-2.92,-0.67
200012,-1.24,0.59,2.42,6.08,-2.99,9.39,9.35,12.86,-1.42,9.57,12.13,11.33,6.9,7.24,10.17,6.93,-7.21,0.4,-7.38,-2.91,7.98,2.11,7.61,-0.19,-0.7,7.61,7,6.28,6.51,7.11,11.18,6.8
200101,14.54,20.2,10.57,6.66,20.92,8.14,3.34,0.64,18.87,3.94,-0.01,2.6,8.94,5.54,5,7.74,7.54,9.77,8.79,3.9,9.4,1.22,0.27,0.66,24.07,1.99,1.11,5.88,-0.22,3.08,1.15,-4.12
200102,-24.66,-25.69,-15.28,-3.81,-18.54,-5.02,-2.66,-0.28,-9.71,-1.57,1.55,1.91,-2.28,0.44,0.74,-0.42,-33.44,-39.33,-27.51,-8.02,-14.87,-11.32,-6.51,-4.46,-21.3,-4.15,-3.73,-2.1,-0.49,-0.12,-0.38,2.21
200103,-17.41,-13.03,-8.64,-4.6,-9.64,-4.1,-2.64,-2.1,-8.46,-2.41,-1.68,-2.44,2.61,0.69,-1.59,-0.78,-27.52,-24.19,-13.24,-9.16,-13.57,-2.84,-6.48,-6.58,-8,-3.14,-4.6,-2.18,-5.23,-2.33,1.73,-2.77
200104,15.96,19.76,9.81,7.99,11.07,8.84,7.3,5.43,8.07,4.26,5.23,4.71,4.76,4.32,5.71,8.8,31.45,27.04,11.38,9.7,12.82,6.79,8.34,5.35,9.61,6.55,5.86,7.89,6.92,4.75,2.37,5.32
200105,6.58,3.11,3.27,3.94,5.66,3.97,3.59,3.52,9.15,3.87,3.8,4.71,7.78,6.87,5.14,3.71,-1.71,-7.87,-0.64,-0.06,-0.8,-0.94,3.15,1.44,-5.91,-0.79,3.66,0.77,3.72,3.07,4.02,3.6
200106,1.72,3.29,7.52,4,9.61,1.78,2.07,1.6,-1.54,1.83,2.31,1.69,-3.09,0.93,2.95,1.53,-2.97,-4.34,-4.66,-1.49,2.82,-1.16,-3,-2.69,-6.96,-5.81,-1.63,-1.18,-2.64,-0.09,-0.72,-1.11
200107,-16.29,-11.63,-4.17,-3.08,-16.47,-9.62,-1.86,-1.91,-15.37,-2.5,-1.55,4.14,-12.34,-2.34,-0.48,1.27,-12.91,-2.11,2.56,-0.68,-10.01,-5.42,-1.41,1.24,-6.31,0.67,1.47,1.24,-7.72,3.69,-0.66,-1.05
200108,-10.34,-11.36,-5.3,-3.52,-13.55,-5.41,-1.47,-1.17,-11.24,-2.13,0.15,-1.9,-9.35,1.17,1.06,-1.7,-10.73,-12.74,-8.98,-4.25,-12.78,-9.67,-5.31,-4.83,-6.62,-3.31,-2.97,-6.39,-9.72,-3.48,-2.32,-4.49
200109,-20.87,-17.88,-12.06,-13.98,-22.37,-16.7,-8.11,-12.22,-16.92,-12.32,-11.8,-15.2,-20.71,-15.56,-14.26,-18.48,-19,-18.27,-8.07,-3.74,-21.49,-9.54,-7.89,-8.86,-8.84,-9.17,-9.81,-13.96,-9.5,-6.91,-9.5,-13.74
200110,16.19,13.26,8.87,7.38,12.03,7.05,2.93,4.96,10.91,4.43,2.67,4.02,15.35,4.09,4.42,5.73,10.91,17.15,3.28,1.44,10.66,7.98,2.01,0.96,1.36,-1.64,2.4,4.7,-2.61,-3.73,-2.36,0.98
200111,9.24,10.34,6.18,8.04,17.36,9.2,4.89,6.78,22.77,6.89,6.92,8.15,17.75,7.74,8.63,10.16,11.64,15.54,10.98,5.53,9.99,9.04,6.5,8.71,6.19,6.35,7.52,6.31,8.9,7.8,8.54,7.14
200112,5.43,8.96,5.26,6.57,9.34,7.45,5.75,7.72,9.03,5.26,5.6,7.19,7.57,6.45,6.16,7.96,-3.56,-4.06,1.8,0.07,-1.25,2.03,1.94,2.38,0.05,1.33,2.59,5.35,1.66,2.11,5.98,2.77
200201,-11.7,-5.78,-4.44,-0.93,-7.84,-0.4,0.59,1.88,-0.27,2.29,2.25,4.03,-2.37,7.39,3.11,9.93,-12.29,1.55,0.31,-0.8,-5.56,-3.17,-3.22,1.96,-5.28,-0.72,-0.52,-1.09,-7.71,-0.97,1.19,2.17
200202,-12.96,-14.18,-4.71,-0.23,-15.03,-6.42,0.87,0.81,-11.6,0.38,1.32,1.69,-14.13,-1.63,2.97,2.54,-13.76,-15.5,-1.27,0.31,-13.35,-4,-1.46,-2.34,-2.69,2.08,-1.03,4.29,-1.69,-2.08,-4.08,2.77
200203,5.82,10,9.47,7.56,6.91,7.62,6.22,7.07,13.71,7.46,8.98,9.1,8.16,10.48,9.55,12.64,10.69,11.71,4.36,-0.01,6.43,3.71,5.36,5.03,2.15,3.92,8.88,6.39,1.4,6.53,5.65,7.64
200204,-12.58,-7.64,-0.17,1.34,-11.57,-0.52,2.76,3.93,-7.93,0.96,4.8,4.9,-2.12,0.56,9.87,3.9,-19.23,-9.82,-6.25,-6.99,-7.27,-6.64,-6.87,-6.95,-3.22,1.42,-1.43,-2.3,-7.13,-0.81,-0.42,-2.07
200205,-11.4,-7.41,-4.5,-1.85,-7.73,-3.36,-2.32,-2.63,-4.21,-2.23,-0.28,-1.36,-2.55,-1.4,-0.59,1.29,-6.11,-0.69,-3.88,-1.31,-8.91,-2.26,1.58,0.91,-0.41,-0.07,0.74,0.99,0.47,-0.5,0.43,0.19
200206,-8.51,-12.94,-9.78,-4.92,-12.13,-8.27,-3.41,-3.27,-5.64,-3.48,-0.28,-2.9,-8.4,-3.69,-1.93,-5.28,-12.78,-13.94,-8.27,-7.19,-11.52,0.03,-7.04,-9.18,-15.79,-4.68,-4.12,-4.03,-13.82,-5.74,-5.35,-3.71
200207,-15.88,-15.08,-13.48,-12.07,-23.77,-17.66,-10.69,-12.73,-14.99,-14.45,-12.29,-15.93,-17.36,-14.8,-14.88,-17.86,-4.97,-6.47,-8.35,-2.47,-9.59,-10.49,-7.68,-11.92,-9.64,-8.19,-9.39,-2.93,-12.88,-10.12,-10.73,-14.66
200208,-2.3,-0.04,1.58,1.48,-6.39,-2.4,1.13,1.63,0.25,0.46,-0.58,0.97,-1.29,-0.67,-2.14,4.4,-0.66,-1.26,3.3,0.3,-5.59,1.42,-0.29,-2.81,0.87,2.38,1.41,1.55,3.62,3.8,6.4,1.98
200209,-10.6,-12.58,-6.59,-5.5,-17.01,-10.96,-6.15,-5.43,-13.03,-8.14,-6.22,-5.71,-12,-6.13,-6.26,-5.89,-13.78,-11.77,-7.26,-11.45,-15.54,-9.66,-10.37,-10.08,-8.07,-10.49,-11.12,-7.26,-9.72,-9.93,-9.32,-9.44
200210,7.82,9.24,5.12,5.02,13.99,9.91,2.52,3.08,3.16,1.56,1.55,-2.74,4.45,-1.86,0.44,-1.04,14.23,18.82,9.16,7.65,13.75,12.03,3.63,10.17,5.42,6.52,0.21,2.25,9.72,1.81,5.37,-7.22
200211,18.89,16.37,13.18,5.5,31.54,15.56,4.73,3.72,22.46,7.74,3.78,5.05,16.22,5.76,3.26,9.15,20.44,9.14,0.99,3.94,12.63,7.77,2.67,6.74,8.88,5.88,4.1,0.84,9.29,2.72,6.45,9.64
200212,-14.42,-10.19,-8.06,-3.9,-15.09,-7.92,-2.85,-1.13,-10.4,-3.36,-2.32,-0.13,-4.79,-2.93,0.9,2.39,-10.79,-11.71,-6.31,-4.26,-13.62,-8.05,-2.58,-4.14,-7.44,-3.07,-2.74,0.81,-8.48,1.55,-1.52,-0.96
200301,-3.04,-0.59,0.28,-2.53,-2.8,-1.6,-2.45,-2.4,-1.48,-0.75,-1.48,-2.33,3.83,0.68,0.83,-1.04,4.88,-4.58,-3.4,-2.46,-1.56,-3.47,-2.51,-3.43,-0.56,-0.67,-1.24,-1.2,-2.45,-3.55,-8.5,-0.95
200302,-3.96,-3.01,-3.28,-2.96,-2.67,-1.39,-2.76,-1.12,-1.51,-2.84,-3.3,-0.71,-1.05,-2.17,-2.69,-2.62,1.37,1.28,1.26,-1.11,0.68,-4.19,-0.87,-6.28,-3.17,-0.27,-1.64,-0.56,-4.4,-2.09,-1.52,-0.95
200303,2.56,0.77,1.19,2.07,0.22,0.54,-0.18,0.34,3.74,0.29,0.29,0.17,2.86,-1.45,-0.55,-1.55,0.52,-0.15,5.13,1.64,-0.9,0.64,0.78,-0.28,0.28,-1.12,0.69,1.04,-0.09,-0.46,-1.59,0.84
200304,13.84,11.52,9.27,8.68,17.14,12.13,8.4,7.28,12.44,10.04,7.96,8.12,11.26,9.87,7.13,7.56,9.24,6.7,6.05,7.08,12.29,12.17,6.32,7.67,9.87,9.89,9.38,5.81,11.37,9.1,5.07,4.49
200305,21.72,16.54,12.32,7.22,26.86,15.35,6.54,8.67,23.6,8.83,7.27,10.64,17.56,8.56,10.19,11.95,17.03,3.94,1.02,4.32,11.89,5.72,5.64,7.34,6.47,6.08,9.65,6.81,7.76,6.95,11.08,9.73
200306,3.96,0.39,0.44,2.71,4.51,2.28,1.7,2.22,4.21,2.41,1.88,4.86,5.19,4.54,4.37,7.22,3.83,2.37,0.06,1.73,-0.92,2.4,-0.62,1.85,1.6,2.82,0.21,1.67,0.8,-0.71,2.04,3.95
200307,11.47,8.49,7.26,5.5,8.58,5.3,4.74,3.68,13.72,6.23,5.08,2.56,8.66,5.02,5.09,0.55,3.78,4.08,2,-0.68,11.45,1.71,3.26,-1.81,1.34,3.81,1.62,-0.88,1.48,2.77,0.72,0.93
200308,5.11,7.56,4.83,4.26,7.8,6.06,4.01,3.36,9.74,6.51,4.62,3.31,6.67,7.25,5.49,6.33,7.15,2.6,4.09,-0.44,-0.82,4.06,5.31,2.39,6.34,0.61,0.09,5.04,2.84,2.52,3.24,7.05
200309,2.63,-3.22,-4.05,-0.88,-0.22,-1.85,-1.99,-1.08,0.55,-1.57,-0.59,-0.15,6.14,2.43,0.55,-0.73,-4.18,1.93,-2.91,0.78,-2.6,-2.25,-2.18,-2.22,-1.39,0.95,-1.25,-0.76,-3.78,-0.05,2.58,0.33
200310,10.06,10.46,8.21,8.68,4.1,8.74,6.76,7.93,11.89,9.38,9.12,10.25,14.38,10.61,8.85,11.08,6.97,0.39,3.43,3.5,6.28,9.87,8.2,7.35,6.87,8.28,4.51,3.54,7.6,6.49,8.43,6.83
200311,2.32,3.32,2.47,3.9,-0.61,4.52,4.44,3.62,2.06,4.54,4.15,2.38,6.62,4.57,3.67,4.18,2.28,-2.07,-0.26,1.66,0.87,2.27,0.52,1.08,4.51,1.65,2.13,2.27,0.88,2.18,4.14,0.31
200312,3.12,-0.47,2.54,1.26,3.22,1.84,3.26,4,-3.06,2.69,2.87,4.58,2.07,4.68,8.78,6.55,4.78,6.87,2.79,4.72,6.48,3.9,5.09,6.69,2.17,4.13,4.57,3.81,6.67,6.59,2.56,7.6
200401,7.01,4.52,2.25,2.32,12.79,3.86,1.49,1.29,13.3,6.6,2.55,1.68,9.16,5.14,5.83,6.55,2.58,2.06,2.67,1.24,3.7,0.03,-0.06,0.06,6.45,2.13,1.19,3.18,3.92,1.22,1.27,1.54
200402,-1.65,-0.63,0.84,2.2,-1.49,0.27,2.39,2.79,-1.63,-0.67,3.4,3.37,-0.9,1.43,2.96,2.9,0.44,-0.82,1.95,1.42,-0.73,1.17,1.25,1.24,1.83,3.28,2.51,3.12,1.08,4.59,4.71,0.91
200403,0.7,-0.59,1.97,1.71,-1.33,-0.48,0.97,0.93,-3.06,0.33,2.57,2.53,-1.3,0.95,1.81,2.96,-0.81,-3.58,-1.94,-2,-2.81,-0.86,-1.21,-0.48,-2.37,0.22,0.23,-1.24,-1.72,0.16,0.87,2.48
200404,-6.73,-7.68,-3.22,-2.27,0.21,-6.13,-2.76,-1.84,-9.72,-5.66,-3.89,-3.98,-10.77,-6.71,-4.19,-5.51,0.6,1.37,-1.63,1.56,-4.27,-4.09,-1.49,-0.06,-5.87,-5.22,-2.53,-3.34,-3.17,-4.94,-4.53,-4.39
200405,1.61,5.75,2.16,0.84,-0.18,2.57,1.15,0.56,-0.13,1.47,0.2,1.02,1.2,0.82,2.58,-0.61,7.61,1.09,1.36,-0.1,2.93,1.59,3.17,-0.78,-0.49,1.11,2.26,1.04,2.03,2.76,1.94,0.42
200406,-2.82,1,4.89,4.54,2.08,4.28,4.28,5.63,0.24,3.6,4.87,4.34,2.47,5.36,5.5,5.58,5.12,6.77,0.74,1,0.6,1.31,1.73,2.57,2.02,0.95,1.93,2.09,2.42,4.21,2.53,5.49
200407,-12.59,-13.05,-11.66,-4.63,-13.28,-12.52,-4.55,-2.46,-11.36,-5.48,-4.33,-1.69,-5.22,-4.43,-3.35,-0.3,-8.94,-9.08,-4.75,-4.83,-5.4,-2.98,-1.14,-3.35,-4.37,-2.36,-0.43,0.6,-3.59,-2.73,-0.41,0.91
200408,-1.52,-4.09,-2.74,-1.86,-2.16,-3.32,0.89,-0.63,-1.45,-0.31,0.55,-0.46,-1.42,0.48,-0.04,-1.49,-3.42,-3.77,-1.6,0.73,-3.74,-0.65,0.97,0.5,0.34,1.06,3.69,0.39,-0.29,2.15,0.49,0.53
200409,6.96,10.75,7.67,5.38,4.7,5.65,4.85,7.11,7.5,4.61,4.27,6.14,5.3,4.63,3.81,5.34,4.46,1.09,2.41,-0.56,6.09,2.41,1.37,3.15,2.33,2.46,-1.75,5,2.25,3.91,3.36,7.13
200410,-0.13,6.22,4.38,3.72,2.26,4.48,2.13,1.79,-1,1.62,1,2.09,1.32,2.65,2.08,2.41,2.12,5.45,2.98,-0.08,5.14,1.96,0.92,2.82,-0.3,4.37,2.64,0.61,1.45,2.35,2.02,-0.6
200411,7.93,6.09,9.93,9.69,8.51,7.45,8.62,8.86,8.34,8.6,8.72,9.17,7.67,8.44,8.27,11.39,6.04,0.04,0.99,4.38,6.42,4.05,4.06,6.09,6.85,4.4,2.57,4.91,5.22,6.01,5.08,6.28
200412,3.61,3.66,4.7,3.21,6.91,3.6,1.75,2.59,3.83,2.82,2.03,1.74,3.59,5.15,3.84,3.68,2.53,1.05,4.35,5.35,6.49,3.05,1.62,1.77,1.83,3.66,5.23,-0.06,5.33,4.73,1.7,3.14
200501,-6.85,-6.67,-5.52,-3.3,-8.55,-5.43,-3.16,-0.04,-8.82,-3.43,-2.37,-0.87,-2.2,-2.85,-1.24,-1.78,-7.82,-6.84,-2.27,-1.12,-8.32,-3.11,-2.84,-2.74,-2.45,-2.05,-1.32,-0.03,-2.18,-0.27,-0.68,-2.02
200502,0.8,0.33,3.81,1.68,2.08,0.9,1.87,3.19,0.61,2.49,1.87,5.51,1.62,4.09,4.48,4.73,-1.96,-0.45,1.82,1.42,0.47,2.85,5.76,2.75,3.37,1.48,-0.18,7,0.25,3.73,5.1,4.8
200503,-9.28,-4.26,-1.06,-1.77,-6.7,-3.79,-1.72,-1.7,-6.68,-2.84,-1.19,-0.86,-2.36,-1.43,-1.03,-1.23,-1.99,-0.02,-2.9,-0.53,-3.83,-2.15,-0.95,0.09,-6.29,0.65,-3.17,-1.92,-0.42,0.87,-0.49,-3.72
200504,-7.66,-6.89,-6.41,-5.96,-9.09,-8.88,-6.16,-4.85,-8.88,-6.17,-5.58,-6.72,-8.87,-6.57,-5.16,-3.93,0.86,-4,-2.94,-1.74,-0.05,-2.61,-1.57,-4.01,-6.17,-3.58,1.05,-4.33,-3.72,-2.19,-0.93,-2.15
200505,6.27,8.98,7.3,6.86,8.43,6.69,5.89,5.85,5.04,4.31,4.53,5.44,5.47,4.61,5.27,5.87,7.83,8.96,4.72,2.35,4.31,4.29,1.97,4.24,6.22,0.6,2.75,3.4,3.87,3.51,3.54,6.83
200506,3.63,5.6,0.83,3.46,1.87,4.21,3.07,5.43,4.9,4.2,3.94,4.62,5.83,4.04,6.39,5.43,-3.49,-2.33,0.21,-0.89,0.2,0.4,-0.43,3.49,1.97,2.67,0.61,5.04,0.57,3.59,4.86,8.3
200507,9.66,8.61,5.51,6.25,8.79,8.19,6.28,6.97,6.25,6.52,5.45,7.34,7.23,5.68,4.31,4.62,9.01,8.3,4.16,3.79,4.7,6.7,2.73,3.14,3.6,1.65,1.05,7.16,2.63,5.1,5.73,8.24
200508,-0.83,0.95,-1.1,-1.76,-0.23,-0.29,-1.7,0.34,2.2,0.85,-0.74,-1.26,1.28,-0.27,-0.11,-0.35,1.24,-0.03,-3.63,-1.5,3.49,-0.73,-1.77,0.53,-0.34,-0.24,-1.49,3.41,-0.1,-1.07,2.46,6.07
200509,2.63,1.02,1.66,-0.17,4.57,2.29,0.79,2.92,7.33,1.28,0.32,3.46,3.92,-0.27,-0.48,2.98,2.2,2.95,-1.39,0.47,-2.06,1.05,0.05,2.7,1.72,1.7,1.66,3.63,0.32,2.86,5.61,4.83
200510,-5.59,-4.57,-6.27,-3.8,-7.05,-3.32,-1.84,-3.82,-4.41,-4.34,-3.6,-4.25,-5.11,-2.76,-2.15,-3.89,0.82,-4.65,2.63,-0.99,-1.71,-2.14,-3.37,-5.4,-0.33,-0.62,-1.29,-8.06,-0.26,-2.28,-7.33,-8.64
200511,4.71,7.14,6.24,5.94,2.61,4.27,5.31,5.95,8.07,6.26,3.65,3.78,5.03,4.63,3.77,3.66,8.26,5.47,2.48,3.03,6.04,5.6,3.64,4.19,3.8,4.72,5.34,3.85,4.62,4.39,0.82,-0.2
200512,2.92,-0.26,1.05,0.54,1.96,2.2,-0.88,0.53,1.21,-0.13,0.03,0.72,1.37,1.03,0.12,1.83,0.94,-0.61,-0.43,-0.52,-1.99,-0.14,1.97,-0.41,2.23,1.46,1,2.35,0.11,1.09,0.57,3.4
200601,12.03,14.03,8.52,6.98,14.83,12.05,8.31,9.37,15.13,7.63,7.12,11.1,16.25,6.6,6.73,8.75,5.51,5.99,2.03,1.8,6.28,-0.3,2.92,3.97,1.74,2.92,2.26,8.99,3.24,4.28,5.91,13.34
200602,1.18,-2.06,-1.65,-2.49,5.4,-0.35,-0.6,-1.06,0.67,-0.2,0.22,-2.49,-0.59,-1.04,1.75,1.84,-3.53,-2.18,1.16,0.22,-1.89,0.52,1.97,-2.72,0.94,1.1,2.01,-3.78,0.25,1.62,-3.09,-8.41
200603,0.96,5.74,4.94,4.66,6.5,6.33,4.58,4.38,8.15,4.49,4.13,4.38,5.97,2.48,4.2,4.56,2.45,3.7,1.67,1,1.59,3.17,1.06,1.09,1.09,0.8,0.58,2.88,0.98,0.22,1.61,4.8
200604,-1.15,0.31,0.55,1.98,0,-0.06,1.77,3.03,-0.66,1.65,1.44,3.39,2.57,1.53,3.25,4.77,1.52,1.92,-1.67,0.62,-4.28,1.2,2.32,2.7,1.36,2.43,2.64,2.92,3.13,2.63,3.78,5.76
200605,-11.54,-10.1,-5.67,-5.01,-8.54,-8.09,-3.58,-4.55,-8.5,-3.52,-3.26,-3.23,-5.58,-3.2,-2.13,-1.72,-8.48,-7.68,-1.97,-2.08,-5.05,-2.06,-3.61,-3.32,-0.92,-2.62,-1.44,-3.37,-1.79,-2.02,-2.37,-3.93
200606,-2.66,-1.59,-1.47,-1.67,-1.96,-0.06,0.3,0.72,-2.47,-1.28,-1.27,2.62,-3.62,-1.01,-0.25,0.27,-0.08,-4.36,1.12,-0.56,-0.71,-2.19,-0.48,2.53,-1.71,-0.41,-0.13,1.77,-0.02,-0.63,1.98,3.28
200607,-4.51,-8.09,-4.53,-3.33,-6.44,-4.2,-2.65,-2.05,-5.09,-2.2,-0.96,-1.5,-2.64,-1.34,-2.64,-1.76,-8.93,-3.36,-0.6,-1.27,-2,-0.63,-2.59,3.7,-0.22,-0.9,2.56,1.3,0.36,1.96,-0.46,3.19
200608,4.4,6.3,3.74,2.09,5.79,3.85,1.49,2.62,5.06,4.21,2.1,2.39,4.23,3.66,2.5,-1.3,5.59,2.04,4.8,2.12,3.2,4.85,1.54,1.96,5.82,2.79,2.72,1.17,1.5,1.64,-0.41,-4.26
200609,-4.93,-1.24,1.16,0.77,-3.12,-0.29,0.45,-0.75,-2.56,1.08,1.2,-1.09,0.7,0.34,0.19,0.24,0.15,4.84,1.95,1.98,-0.05,2.45,4.4,-0.58,0.65,2.16,3.78,-1.73,2.82,3.04,3.09,-3.46
200610,8.87,4.98,4.34,6.45,7.68,5.36,5.56,5.25,2.94,3.84,4.65,6.57,5.04,5.03,5.41,3.99,5.25,5.4,3.55,3.17,4.62,1.06,2.1,5.77,2.25,2.81,2.07,4.05,4.38,3.58,4.23,4.02
200611,3.39,4.06,1.73,1.42,5.26,5.07,1.31,0.98,3.85,1.52,2.1,3.12,2.01,1.21,1.24,3.61,3.75,3.23,3.27,1.69,4.04,1.69,-0.24,3.65,3.28,0.9,0.63,4.35,1.48,1.09,2.88,8.41
200612,-2.95,0.29,-0.51,-0.15,1.17,0.08,0.46,0.34,0.01,-0.03,1.71,1.17,1.79,2.24,2.79,2.22,-0.83,-4.57,1.17,-0.68,0.73,2.95,0.63,0.6,1.55,4.63,1.25,-1.6,2.65,2.16,1.71,2.09
200701,0.23,2.88,1.42,2.22,1.77,0.19,1.43,0.46,1.18,0.71,0.74,2.13,3.16,2.29,2.68,4.11,2.62,3.67,1.81,1.72,0.95,0,2.94,1.63,1.11,0.59,2.38,2.25,1.96,1.19,0.78,-1.11
200702,0.95,-0.34,0.02,-0.32,-2.28,1.02,0.6,0.11,1.68,0.02,-1.19,0.7,0.52,-0.39,-0.19,3.61,0.64,-2.34,-3.22,-1.67,0.92,-0.89,-0.69,-1.8,-1.95,-2.08,-1.75,-1.9,-1.19,-0.91,-0.83,-1.37
200703,-0.37,-2.79,1.62,1.76,1.35,1.78,1.8,2.01,2.26,1.17,1.01,2.09,-1.72,1.47,0.24,1.74,-0.15,0.53,0.58,1.42,0.06,1.97,-1.18,2.92,1.49,1.53,1.72,3.89,0.95,0.9,-1.03,4.7
200704,3.18,1.79,2.34,4.23,3.33,3.22,2.11,2.88,4.29,2.63,-0.02,4.84,1.87,2.9,2.22,3.68,5.13,5.17,4.84,4.78,6.54,4.28,4.45,5.71,3.99,3.82,4.98,4.43,3.57,2.73,4.72,3.27
200705,1.62,4.73,5.91,4.12,-1.68,3.29,4.8,4.89,6.27,4.35,3.45,4.67,2.88,3.98,3.93,4.84,1.92,4.7,3.52,4.07,2.65,3.97,3.59,4.78,4.36,4.69,5.13,4.73,2.61,3.82,1.32,9.25
200706,-3.44,1.62,0.06,-0.6,-2.91,-0.46,-0.26,-1,0.41,-1.07,-1.67,-1.55,0,-0.49,-0.52,1.81,-3.15,1.57,-2.19,-1.33,-1.05,0.32,-0.55,0.11,-1.27,-1.91,-3.21,-0.41,-1.87,-3.11,-3.58,-0.46
200707,-3.98,-4.61,-4,-5.06,-2.52,-4.37,-4.25,-5.97,-1.36,-6.15,-6.51,-4.96,-10.07,-7.92,-7.2,-7.99,-2.84,-0.07,-1.88,-0.5,-2.62,-0.53,-2.99,-0.86,-3.66,-4.68,-3,-3.05,-5.08,-5.56,-5.31,-4.27
200708,-1.75,1.34,0.59,0.74,-5.11,1.72,3.42,0.39,-4.35,1.42,1.88,-1.44,-1.68,-2.73,-2.64,-2,1.31,1.52,3.97,0.93,1.31,2.66,1.83,0.01,1.85,2.17,0.44,-0.83,1.11,0.33,-0.21,-1.66
200709,6.67,8.03,6.64,1.92,3.58,4.7,2.32,1.36,5.15,1.78,1.42,2.24,8.67,0.96,2.81,-1.32,6.49,8.61,4.65,4.43,8.06,6.33,2.49,7.02,2.76,2.16,2.43,9.55,3.57,1.28,3.78,5.58
200710,8.29,5.86,10.2,3.59,5.25,2.41,3.07,1.25,4.45,2.89,1.35,1.96,-2.23,-0.79,2.44,3.21,2.21,13.81,4.96,2.94,4.7,2.24,1.98,2.03,1.64,1.84,2.7,5.01,0.56,-0.23,-1.73,8.73
200711,-12.16,-14.07,-6.98,-6.83,-14.18,-9.11,-6.18,-6.92,-10.64,-8.24,-6.28,-9.52,-12.17,-10.29,-10.74,-10.93,-4.54,-4.81,-2.98,-3.91,-8.8,-3.52,-2.17,-5.1,-6.17,-6.71,-5.41,-6.2,-5.47,-5.32,-6.27,-5.73
200712,0.62,1.13,0.93,0.27,5.18,0.55,-0.16,0.29,0.36,0.45,-0.99,-0.29,-0.97,-0.38,0.05,0.01,-6.4,0.26,0.39,-0.15,-2.02,0.11,-0.81,3.56,-2.29,-3.59,-0.51,4.52,-1.01,-3.82,2.8,9.45
200801,-10.2,-9.37,-12.49,-7.82,-12.26,-9.42,-7.75,-6.38,-8.79,-8.07,-3.37,-3.27,-7.15,-4.61,-2.7,-4.93,-11.62,-16.15,-8.4,-6.81,-9.21,-7.98,-3.63,-8.04,-5.27,-3.1,-2.93,-9.76,-2.75,-0.16,-6.3,-10
200802,-0.83,-6.41,-1.95,-2.54,3,-1.93,-2.78,-0.96,-0.54,-2.62,-1.73,0.68,0.34,-2.39,-0.4,-1.59,-1.21,-6.42,-1.8,-1.12,2.94,-0.1,-3.02,2.69,-0.19,-5.1,-4.9,5.96,-6.12,-6.26,-1.99,4.94
200803,-8.25,-1.67,-1.56,-1.67,-7.75,-2.17,0.63,1.45,-7.27,-0.81,0.68,1.39,-4.86,0.59,-2.16,-0.78,-7.03,0.12,-0.86,0.63,1.45,2.92,-0.83,-1.42,-2.39,-5.35,-2.18,-2.39,-0.37,-2.66,-3.82,-2.04
200804,1.03,3.61,2.85,4.57,0.47,4.95,2.65,4.08,2.61,-0.18,1.39,6.99,-2.33,2.93,2.96,1.72,9.73,14.57,3.11,3.45,4.16,-1.58,5.19,8.91,4.05,6.34,6.23,11.1,4.03,4.08,7.47,6.93
200805,6.06,8.66,6.07,6.52,10.88,4.99,3.76,4.69,8.3,3.06,4.09,5.41,11.09,2.19,3.94,1.91,6.62,4.52,6.24,2.99,4.1,1.04,1.76,1.51,2.17,0.06,2.14,5.21,0.4,0.87,-0.52,6.63
200806,-5.43,-9.02,-5.85,-6.88,-5.82,-6.98,-9.47,-5.87,-7.14,-10.94,-8,-1.34,-8.78,-9.95,-7.15,-10.69,-5.14,-10.7,-5.86,-5.99,-9.41,-7.45,-8.37,-2.18,-8.75,-11.58,-8.69,0.18,-13.17,-13.39,-7.02,-1.09
200807,1.25,-2.62,1.86,0.21,-0.91,-0.96,2.03,0.28,-3.33,0.11,4.18,1.75,-1.94,2.27,4.28,0.41,0.63,-7.09,-2.46,-0.67,-4.7,2.24,-1.25,-5.56,-3.35,1.58,0.97,-13.96,1.84,4.39,-9.88,-11.51
200808,-4.63,0.53,1.59,4.24,-7.79,2.71,3.26,3.63,4.67,1.85,3.8,2.17,14.62,5.24,5.8,7.73,-6.48,-3.57,3.51,0.75,0.32,0.43,2.68,1.57,-1.65,0.54,1.58,2.14,0.41,-0.38,1.73,-0.57
200809,-15.44,-12.4,-12.37,-11.38,-14.99,-12.69,-11.3,-8.7,-19.87,-9.87,-3.79,-9.61,-14.71,-7.19,-7.85,-12.35,-17.21,-15,-12.38,-9.63,-13.71,-10.57,-11.43,-7.41,-14.31,-6.16,-8.93,-11.7,-5.08,-6.4,-9.13,-17.88
200810,-30.5,-25.94,-24.77,-21.15,-27.57,-23.89,-19.74,-21.02,-27.2,-23.3,-15.93,-20.15,-27.58,-21.58,-20.38,-29.23,-24.15,-15.87,-14.09,-18.36,-24.46,-18.12,-16.56,-13.69,-21.71,-20.45,-13.88,-17.32,-23.38,-16.76,-23.69,-30.82
200811,-10.82,-15.06,-12.4,-11.62,-18.74,-12.53,-10.77,-13.18,-19.34,-13.24,-8.26,-11.7,-23.21,-13.14,-12.57,-20.32,-7.3,-14.05,-7.71,-7.61,-9.81,-7.63,-6.59,0.9,-7.04,-9.24,-5.25,0.16,-15.42,-10.51,-2.91,-8.67
200812,10.6,8.86,9.1,4.95,11.42,4.12,5.24,4.37,3.56,5.33,3.19,5,-2.59,3.25,9.15,12.03,2.97,0.13,0.67,0.81,6.53,-1.14,2.82,1.68,3.86,1.08,1.19,-1.97,-0.5,0.24,2.48,8.16
200901,-0.36,-6.86,-3.92,-9.11,5.91,-3.9,-9.52,-10.08,-6.01,-4.76,-13.93,-10.86,-2.92,-12.98,-20.37,-15.67,-4.62,2.57,-1.53,-4.59,-1.72,-10.79,-6.12,-4.52,-6.09,-12.56,-11.72,-4.39,-14.55,-11.82,-9.36,-12.74
200902,-11.22,-6.44,-6.85,-9.19,-12.14,-9.4,-11.04,-11.08,-12.35,-8.51,-14.27,-14.65,-15.99,-14.55,-14.84,-14.88,-4.5,-1.1,-8.58,-6.85,-1.95,-12.41,-7.85,-11.28,-10.86,-16.13,-8.22,-10.18,-14.9,-12.98,-18.25,-12.09
200903,10.7,9.09,9.45,9.28,10.34,11.6,8.55,9.62,8.23,10.37,7.56,7.24,14.05,10.34,8.16,14.82,13.33,6.91,10.11,8.84,11.94,6.61,8.91,4.72,13.25,9.88,8.36,9.1,12.21,9.69,4.02,12.69
200904,9.25,15.95,16.05,17.75,12.63,15.15,14.87,19.01,17.38,16.3,13.3,20.09,17.49,18.78,17.95,18.02,6.22,9.87,7.01,11.02,6.61,12.95,7.9,4.16,9.86,18.67,9.37,6.49,13.79,16.26,10.78,12
200905,10.59,8.86,1.81,4.78,16.88,5.77,4.7,4.96,13.65,8.83,1.2,5.05,15.56,3.39,3.91,10.9,6.63,6.83,6.86,4.85,12.04,6.46,4.49,7.44,12.51,11.28,4.86,8.16,7.25,5.33,11.04,5.28
200906,4.12,6.94,6.32,1.3,5.33,3.29,1.74,-2.02,-0.37,-1.97,0.22,0.24,-6.21,0.38,0.38,3.71,-2,-2.81,-0.15,2.79,-2.26,-2.59,0.3,-0.63,-0.12,-1.08,0.75,-4.18,-0.59,-1.28,-5.23,-3.81
200907,7.18,5.23,5.83,8.42,12.65,9.27,10.62,10.78,10.69,11.69,13.7,14.57,15.06,12.45,12.14,24.68,8.91,8.16,6.22,4.64,6.18,8.98,9.3,9.94,8.8,10.44,9.69,7.2,10.08,11.77,7.54,12.54
200908,1.15,-0.81,-0.3,2.51,5.32,2.62,2.6,4.05,4.97,4.24,4.93,7.09,10.98,7.62,10.56,12.61,-0.82,1.29,1.52,1.3,3.39,0.22,3.46,2.05,2.97,3.57,1.44,1.95,9.6,3.71,3.01,4.84
200909,7.96,7.72,4.57,6.37,7.56,3.82,5.67,8.1,10.84,7.96,7.06,13.17,10.87,10.84,11.77,7.8,8.75,4.64,2.54,3.53,5.74,4.56,2.61,5.53,3.27,6.73,6.51,5.5,2.9,9.51,9.74,7.84
200910,-14.21,-6.58,-4.79,-3.79,-11.98,-5.88,-5.01,-4.21,-11.19,-5.73,-6.07,-6.73,-14.8,-8.63,-6.81,-6.65,-9.97,-1.73,-0.46,0.69,-4.66,-1.24,-1.22,-2.36,-5.73,-5.32,-3.44,2.47,-6.31,-6.19,-2.55,-6.1
200911,4.54,4.06,2.29,2.6,2.88,2.04,2.56,3.9,5.94,5.94,4.26,4.99,2.86,5.38,5.23,10.43,9.99,7.99,8.51,5.61,5.43,5.79,5.78,7.57,2.95,6.37,5.96,3.22,5.49,7.29,2.84,8.76
200912,5.24,10.64,7.19,8.04,10.14,6.77,7.11,8.63,5.96,6.22,7.76,8.31,9.48,7.62,10.7,9.81,4.99,4.41,2.71,0.74,4.8,0.83,3.54,4.4,2.19,3.37,3.68,3.75,0.37,5.48,1.48,12.68
201001,-2.18,-4.53,-2.39,-4.43,-4.31,-2.96,-3.29,-2.37,-1.18,-1.74,-3.42,-3.35,-1.06,-1.5,-2.69,-4.59,-2.3,-8.24,-3.56,-4.19,-5.19,-2.3,-4.71,-5.65,1.21,-1.99,-5.79,-6.15,-3.03,-5.57,-1.63,-7.6
201002,2.08,2.51,3.18,4.93,5.01,3.89,4.43,3.48,5.98,5.42,6.77,7.11,8.18,10.86,7.38,9.3,5.29,0.26,1.69,2.98,6.07,4.41,3.52,5.66,3.19,3.95,3.12,4.08,4.89,5.33,4.51,9
201003,6.35,7.03,6.5,7.72,9.19,8.06,6.17,9.51,12.86,8.43,7.37,6.61,12.85,7.68,7.2,12.13,3.3,8.47,6.45,4.37,3.79,3.94,5.24,5.82,7.22,8.7,6.97,5.13,8.38,7.25,3.71,1
201004,6.95,2.62,3.09,4.88,7.18,6.2,3.93,5.39,6.2,7.16,5.95,7.29,11.47,9.77,5.57,11.04,4.07,-3.79,0.55,1.59,4.8,1.25,1.36,3.57,-0.02,2.11,2.88,5.08,0.82,4.98,-2.7,1.99
201005,-8.43,-6.86,-6.02,-4.81,-11.25,-5.6,-7.42,-7.63,-10.8,-10.11,-8.86,-10.47,-14.45,-10.3,-9.88,-9.05,-8.81,-6.68,-6.59,-8.57,-8.8,-4.08,-7.93,-7.89,-8.06,-8.53,-7.31,-9.02,-7.53,-9.86,-10.33,-8.86
201006,-7.26,-1.85,-5.11,-6.08,-8.73,-5.66,-5.8,-7.53,-8.9,-7.15,-7.81,-8.7,-14.88,-10.5,-12.15,-14.64,-3.21,-4.59,-2.68,-4.65,-2.45,-2.84,-6.16,-7.93,-3.34,-6.01,-4.04,-7.22,-7.56,-9.54,-7.51,-11.58
201007,6.82,5.48,5.36,6.3,7.62,8.88,5.87,6.97,8.3,8.95,8.28,7.59,8.21,7.24,8.05,9.48,6.58,9.59,8.16,6.45,2.91,7.3,5.59,8.02,5.9,9.2,6.43,7.93,4.3,8.75,10.14,4.45
201008,-4.48,-2.36,-4.6,-6.8,-8.76,-6.73,-6.63,-5.57,-8.63,-6.62,-7.34,-4.22,-10.49,-7.43,-8.13,-5.82,-4.21,-2.06,-5.18,-3.57,-0.84,-2.53,-4.31,-3.9,-4.41,-2.75,-2.51,0,-6.8,-7.78,-5.32,-3.18
201009,14.33,16.02,14.63,12.49,16.2,15.87,12.79,10.57,13.88,12.12,11.23,11.85,9.96,13.1,10.55,11.43,14.57,8.77,13.74,9.57,9.83,10.07,8.43,9.09,9.12,8.81,8.55,6.21,7.43,8.7,8.76,8.77
201010,4.22,4.31,5.17,4.12,1.82,9,4.5,4.64,3.78,4.13,3.24,4.62,2.97,4.3,5.68,4.82,5.47,3.22,6.27,4.71,5.17,4.87,4.6,1.91,3.86,5.05,2.83,2.46,-0.03,2.35,5.25,3.19
201011,2.94,7.04,3.3,4.55,6.65,6.5,3.74,3.18,5.38,3.66,3.56,4.63,5.56,4.92,1.22,2.45,1.71,-2.81,-0.6,-0.29,6.65,1.9,2.4,1.02,0.61,-0.26,0.3,-1.28,-0.32,0.35,-0.71,-1.87
201012,10.12,8.35,7.53,6.24,13.99,11.05,8.65,5.61,11.03,10.79,8.79,6.51,10.83,12.62,9.72,6.52,5.05,4.07,6.98,4.82,5.78,3.74,6.04,4.28,7.88,7.75,7.51,5.63,11.3,10.68,7.12,4.99
201101,-2.59,-0.59,-0.22,0.19,-0.85,1.64,0.37,0.3,4.85,-0.45,0.38,1.56,0.37,0.12,1.87,-1.6,4.24,3.43,2.11,0.93,-0.88,3.21,3.39,2.09,1.53,1.77,3.46,-0.59,2.32,3.5,3.97,3.09
201102,7.22,9.52,10.06,4.53,7.25,4.13,5.18,5.43,5.65,6.88,4.89,4.23,5.65,6.4,5.9,7.2,-0.5,1.81,4.84,3.1,7.16,5.41,4.22,-0.34,6.22,5.41,5.87,2.73,3.44,3.26,5.73,1.35
201103,1.22,2.71,3.65,3.56,2.88,-0.72,2.37,3.3,-2.92,0.67,0.78,2.9,-1.76,2.68,2.22,-0.92,-0.9,-2.37,0.3,0.9,-2.18,0.69,-0.1,1.13,0.26,1.33,2.36,3.67,-2.66,-1.25,1.05,1.65
201104,3.82,1.79,4.59,3.12,1.04,2.14,2.6,2.53,0.43,1.97,3.08,1.64,-0.69,0.73,1.88,-0.36,3.84,2.78,1.76,3.79,-0.35,4.05,4.87,2.9,3.42,2.56,1.87,3.64,0.72,0.41,1.7,5.48
201105,-5.28,-4.58,-2.03,-0.98,-4.51,-1.77,-2.43,-1.04,-6.46,-3.33,-4.36,0.45,-5.39,-3.66,-5.04,-3.67,-0.81,1.21,-2.64,0.21,-4.13,-2.56,-1.44,-0.64,-3.08,-1.37,-1.67,1.01,-3.53,-1.92,-2.27,1.17
201106,-6.29,-4.3,-2.66,-0.77,-6.12,-4.47,-1.99,-1.61,-5.56,-2.77,-1.8,-0.28,-4.86,-3.66,-1.37,-3.67,-4.24,-2.33,-0.63,-0.91,-5.29,-1.9,-1.46,-1.5,-3.52,-2.2,-1.59,-0.91,-2.93,-2.19,-0.96,-2.21
201107,-1.79,-3.93,-6.95,-2.16,-4.2,-3.68,-4.12,-1.61,-5.65,-2.7,-2.97,-3.7,-6.4,-0.94,-2.51,-4.33,-3.48,-4.15,1.91,0.77,-7.15,-0.58,-3.56,-2.68,-2.04,-2.81,-2.45,-1.61,-5.31,-2.73,-5,-2.04
201108,-7.72,-7.51,-7.16,-7.82,-10.95,-10.34,-8.58,-8.04,-13.08,-10.27,-8.47,-5.34,-15.95,-11.77,-7.55,-10.1,-9.19,-5.94,-5.32,-3.04,-6.03,-7.17,-2.83,-4.45,-6.35,-7.46,-6.47,-8.39,-8.52,-6.03,-4.52,-8.01
201109,-16.8,-11.79,-12.12,-11.05,-18.05,-16.81,-12.76,-11.81,-15.55,-13.12,-10.72,-9.09,-11.95,-12.09,-8.86,-13.5,-10.22,-7.51,-4.53,-6.76,-11.04,-11.86,-6.15,-7.9,-9.27,-11.07,-8.35,-6,-10.48,-10.79,-4.76,-10.07
201110,16,15.23,17.35,14.39,11.7,17.46,15.31,14.34,17.14,14.62,14.19,13,7.08,13.34,11.13,13.11,11.21,13.81,9.09,9.35,12.12,16.72,8.71,10.96,12.84,13.83,11.83,13.95,13.22,11.96,7.38,11.57
201111,-3.51,-0.36,-2.59,-0.71,-6.19,-3.56,-0.66,-1.21,1.4,-1.33,-0.23,0.21,-3.93,-1.8,0.55,1,-1.38,-0.66,-2.61,0.27,-3.31,-0.12,0.96,0.45,0.77,-0.33,1.88,-0.84,-3.47,-0.53,-0.19,-1.34
201112,-4.25,1.44,-2.53,-1.1,-2.37,-0.99,0.22,0.94,-0.05,0.71,1.46,0.88,0.64,0.85,2.08,-0.33,-6.33,-1.94,-2.94,0.59,-4.28,-3.15,0.21,1.29,-0.04,2.92,1.36,-0.38,-0.22,3.03,2.88,-0.34
201201,14.61,5.55,9.87,7.17,14.73,9.23,7.27,6.31,7.48,8.09,6.07,4.65,10.68,4.56,4.39,3.12,11,8.7,2.83,7,8.16,8.57,2.93,3.71,5,6.52,2.77,2.27,6.42,5.32,1.44,-1.69
201202,2.93,2.47,2.57,3.85,2.23,4.17,2.64,2.29,6.09,3.09,3.03,2.66,6.35,2.93,3.67,3.3,5.96,5.61,3.77,5.82,6.63,4.23,3.12,1.75,1.79,4.88,3.15,4.02,4.85,4.54,5.16,13.47
201203,-0.52,-1.65,0.65,1.22,-0.02,1.03,1.73,1.45,6.19,2.3,2.44,2.37,4.78,1.14,2.24,0.02,3.19,4.02,3.86,4.22,-1.22,1.31,1.26,2.47,0.51,1.54,-1.08,-0.23,4.14,5.72,2.07,-0.48
201204,-3.2,-4.65,-2.82,-0.34,-4.56,-2.97,-1.55,-1.46,-1,-1.36,-1.18,-3.6,-3.12,0.1,-0.03,0.64,-3.46,-1.63,1.36,-0.34,-3.21,-1.55,0.45,-0.25,0.31,-0.12,-0.52,-0.19,-2.15,-1.9,1.49,-2.68
201205,-10.53,-8.22,-6.51,-6.63,-7.65,-11.88,-7.63,-6.51,-5.44,-8.15,-6.05,-5.65,-6.96,-5.29,-4.86,-9.27,-6.81,-8.91,-7.42,-5.82,-13.81,-10.93,-4.67,-2.02,-8.08,-7.5,-8.1,-7.14,-7.99,-7.92,-0.86,-7.89
201206,10.07,3.67,3.11,4.19,6.1,2.95,4.68,3.59,4.69,3.7,3.15,2.52,8.85,4.52,4.75,4.95,2.13,3.3,3.4,2.45,2.34,2.84,3.07,4.88,4.98,4.12,5.02,2.46,4.98,3.84,4.98,7.84
201207,-3.25,-2.8,-2.27,-1.21,-0.08,-2,-1.08,-0.13,-4.51,-1.25,0.01,2.38,-1.34,-0.78,-2.33,-2.65,-5.45,0.79,-0.07,0.96,1.46,4.66,1.87,2.02,2.37,2.25,-0.75,3.19,-0.79,0.73,1.69,3.65
201208,1.65,7.44,4.15,3.63,6.92,2.64,4.23,3.08,9.19,3.26,3.31,3.81,2.34,4.78,2.43,1,6.25,4.61,1.98,3.07,1.68,3.64,1.35,0.7,4.09,2.04,3.16,4.23,4.38,1.74,2.69,3.7
201209,6.29,3.28,2.41,3.87,6.53,2.99,3.74,2.36,3.62,3.87,3.2,4.95,5.58,3.93,4.67,7.75,3.6,3.14,2.59,1.56,3.49,4.17,1.15,1.37,3.69,3.95,1.58,3.8,4.47,2.26,4.36,2.04
201210,-7.21,-4.85,-0.27,-2.16,-3.2,-3.01,-1.02,-1.14,-1.58,-0.77,-1.42,-2.39,-1.59,-0.3,0.01,0.45,-7.99,-9.25,-1.3,-3.86,-4.31,-2.44,-0.11,-0.18,-1.03,-3.07,0.68,-3.15,2.28,-0.06,-0.17,-3.56
201211,-0.98,-1.23,-1.59,1.67,-1.28,-1.32,0.82,1.62,0.26,0.46,-0.17,1.9,0.98,0.23,-0.71,-0.19,4.82,3.7,2.72,0.45,1.64,3.8,1.36,-1.37,1.07,1.42,-2.25,-1.77,-0.16,-0.32,-0.28,1.69
201212,1.05,2.33,2.3,2.65,2.54,3.04,3.16,3.88,3.54,3.76,4.02,3.52,4.66,4.8,5.02,8.45,2.87,1.7,-0.11,-1.29,2.06,0.82,1.01,0.55,0.73,0.6,2.47,1.2,4.57,2.95,3.66,4.15
201301,5.18,4.57,7.14,5.08,5.26,4.58,5.03,6.56,6.52,5.79,5.11,7.6,6.84,6.49,5.86,8.02,5.51,5.69,7.15,2.07,6.63,6.18,6.22,4.79,4.84,5.4,4.12,6.72,7.18,5.43,7.45,10.05
201302,-2.65,4.02,0.3,-0.35,-5.68,-2.38,-0.22,0.78,0.5,1.14,0.91,0.38,2.06,0,-0.63,-0.14,0.89,-0.99,1.04,1.19,-1.84,2.43,2.16,1.31,0.23,0.91,-0.27,0.5,1.51,0.65,-0.11,0.7
201303,3.61,3.51,4.65,4.91,6.23,1.79,4.05,4.6,3.13,3.47,3.92,5.09,4.75,4.48,4.55,6.52,5.16,3.13,5.14,3.37,5.3,3.48,2.67,4.22,3.91,2.49,3.21,3.69,3.61,5.08,3.44,5.39
201304,-2.34,-2.51,-2.01,-1.04,-0.81,-0.61,-1.42,-1.09,-2.03,-2.14,-1.88,0.05,0.54,0.11,0.76,1.26,6.63,-3.56,2.68,2.83,2,0.47,1.66,1.16,-1.94,0.99,2.07,0.62,2.09,2.56,0.21,-1.71
201305,2.61,3.12,5.96,4.08,6.22,2.19,4.25,4.15,7.89,2.97,3.61,4.47,2.77,4.17,4.48,6.85,6.18,2.06,0.5,1.77,2.14,2.18,1.12,2.73,1.23,1.14,1.84,1.42,6.26,1.74,3.69,6.92
201306,-2.09,-1.1,-1.78,-0.71,0.34,-1.45,-0.67,-0.09,-4.79,-0.22,-0.33,-1.26,-0.3,-0.59,-1.61,-1.79,-2.52,-0.42,-2.05,-2.99,-4.8,-0.22,-1.37,-0.95,-2.1,0.03,-1.53,-3.49,-2.04,0.65,-2.26,-5.74
201307,10.27,9.36,5.34,6.55,6.55,7.07,7.79,6.82,7.23,7.18,7.91,9.23,9.22,6.88,8.11,6.45,19.58,9.71,4.61,6.17,1.96,3.71,4.95,4.73,5.95,5.84,5.21,3.01,6.48,5.93,5.27,5.14
201308,-1.59,0.37,-0.82,-1.06,-1.78,-1.77,-2.48,-3.24,0.86,-3.78,-3.11,-3.77,-2.52,-4.17,-3.15,-2.71,7.73,-1.06,-3.19,-1.35,-3.2,-2,-1.84,-3.33,-2.02,-3.9,-2.23,-4.25,-3.96,-4.26,-1.1,1.49
201309,5.68,2.98,6.06,6.23,7.4,3.85,6.08,5.71,3.82,4.79,4.53,6.07,5.61,5.23,4.54,7.38,11.47,2.96,6.65,3.4,4.01,3.93,3.57,3.38,5.32,3.03,3.36,0.85,2.57,3.02,2.46,3.58
201310,-4.85,0.2,2.42,3.97,-1.48,1.84,2.35,3.81,3.65,3.05,4.14,4.16,4.65,2.23,2.09,6.57,-2.7,0.39,4.26,5,3.24,6.3,4.85,3.65,1.94,4.71,3.95,4.44,4.57,3.31,3.47,6.28
201311,4.53,3.97,3.26,3.9,5.59,0.09,4.24,3.12,-1.42,4.46,3.78,3.66,0.06,3.37,3.66,4.05,-0.96,0.04,4.89,3.26,3.84,2.44,2.12,3.64,2.33,1.44,1.69,3.75,3.65,3.42,-0.5,0.84
201312,2.82,1.01,2.84,1.65,5.41,4.19,2.72,2.26,1.13,1.02,1.85,2.16,3,1.86,2.34,1.56,7.93,7.95,3.31,2.04,2.81,2.69,1.27,1.99,4.79,4.69,0.94,7.12,2.38,2.31,3.81,-3.04
201401,10.03,4.26,-2.97,-4.95,1.08,-2.54,-3.45,-4.36,-1.45,-2.13,-4.36,-3.56,1.74,-4.78,-4.63,-5.01,11.71,4.61,-4.21,-5.61,-0.95,-1.5,-2.41,-3.96,-2.55,-3.77,-3.69,-6.67,-3.79,-3.46,-3.55,-9.34
201402,9.16,2.95,1.98,4.38,5.7,4.93,4.69,4.73,5.08,4.6,6.02,6.89,5.21,4.58,2.5,5.1,7.85,5.33,4.95,5.05,4.06,4.23,4.85,5,5.26,5.23,4.46,4.48,3.45,3.63,5.73,3.68
201403,-9.83,-3.45,-3.72,-0.12,-1.45,0.1,0.69,2.08,-1.24,0.56,2.24,2.94,-2.74,2.17,2.81,1.54,-12.23,-4.04,-2.26,0.17,-1.3,-2.52,2.16,0.8,-2.35,1.54,2,2.32,2.97,4.14,3.68,4.9
201404,-10.45,-8.12,-5.43,-1.67,-6.01,-2.31,-2.32,-0.92,-7.59,-3.03,-1.58,1.35,-2.83,-1.23,0.73,-2.33,-5.56,-0.6,-0.33,2.12,-1.16,-1.26,-0.44,1.95,-0.79,0.86,1.82,3.14,-0.49,-0.95,4.91,4.4
201405,-0.44,-1.99,0.54,-0.2,-0.72,1.56,1.3,0.93,0.06,-0.43,-0.29,0.15,-2.9,0.46,0.23,3.64,5.4,4.28,2.35,3.16,2.33,2.45,2.37,1.2,1.69,2.98,0.64,0.64,1.11,1.6,1.86,6.16
201406,11.55,7.83,7.11,4.96,8.84,9.44,5.26,3.89,3.72,5.08,5.38,5.39,6.65,4.71,4.41,4.49,8.42,6.41,1.66,0.99,2.62,1.7,2.94,1.43,4.64,1.56,3.3,2.23,3.04,3.69,4.89,7.29
201407,-7.14,-6.27,-6.83,-5.17,-8.61,-5.23,-6.51,-5.24,-6.71,-5.03,-6.23,-6.29,-6.54,-3.87,-5.06,-5.45,-3.85,0.97,-1.99,-1.82,-3.08,-2.09,-2.45,0.44,-1.8,-0.65,-1.92,-0.46,-1.42,-2.78,-3.17,-5.49
201408,4.87,6.5,4.06,4.55,5.98,5.08,4.28,4.2,1.58,5.11,4.08,4.49,1.76,4.21,3.63,3.75,9.25,5.13,3.53,5.21,2.44,4.24,3.95,4.9,3.46,2.48,3.22,2.6,4.43,3.28,2.82,6.88
201409,-6.93,-3.74,-2.7,-4.15,-4.8,-4.96,-5.25,-6.17,-12.17,-6.69,-6.18,-8.53,-16.8,-8.55,-9.2,-12.57,-1.13,-0.44,-0.17,-1.41,-1.68,-0.53,-1.54,-0.96,-2.48,-3.05,-3.36,-3.29,-1.42,-2.75,-6.75,-5.15
201410,7.28,5.03,7.21,5.83,1.31,4.72,6.07,3.48,-5.27,4.02,5.34,-0.13,-14.24,-2.51,0.52,-4.09,2.74,1.21,3.24,2.82,-0.01,1.2,3.59,2.6,1.07,2.03,1.63,0.72,0.17,1.63,-2.08,2.9
201411,1.96,0.65,0.51,1.39,-0.14,1.37,-1.41,-0.14,-2.58,-0.72,-0.98,-3.2,-1.54,-0.26,-0.81,-4.64,1.88,1.98,4.17,3.75,1.47,0.27,3.26,5.71,3.53,3.66,0.31,4.3,1.77,0.18,-5.01,-2.64
201412,3.86,1.19,-0.63,0.84,4.61,3.33,2.5,0.52,-1.43,3.78,2.1,2.11,-4.41,1.07,-1.33,-1.07,-1.83,-0.21,-0.73,-1.19,0.6,-0.02,0.44,-3.08,-1.59,-0.41,0.1,-1.18,1.47,0.84,2.23,-0.87
201501,0.13,-8.47,-3.31,-3.23,-4.17,-5.32,-5.82,-5.67,-4.7,-5.94,-5.69,-4.9,-3.35,-6.52,-6.12,-4.96,2.39,-2.9,-1.04,-0.62,-2.7,-4.48,-3.21,-1.79,-3.52,-4.85,-4.32,-4.04,-7.51,-3.69,-5.02,-4.49
201502,8.72,10.96,9.39,6.7,6.95,7.11,7.36,6.84,4.64,6.93,5.26,6.94,6.07,5.02,5.3,0.79,11.84,4.55,7.29,5.86,5.12,7.37,5.91,6.16,8.71,6.38,5.24,4.34,6.41,4.29,4.13,5.57
201503,0.2,-0.31,1.44,2.29,2.31,1.3,2.27,0.71,-3.28,0.81,1.11,1.63,-6.97,-1.4,-0.33,0.48,0.23,1.16,-1.92,-1.05,-0.21,-0.99,-0.78,-2.96,-1.29,-1.18,-2.04,-3.18,-1.73,-0.9,-1.91,1.23
201504,-5.15,-1.94,-1.89,-1.88,0.23,-1.44,-0.83,-1.23,4.16,-0.18,0.68,1.32,6.56,3.53,0.92,4.49,1.91,0.46,-0.95,0.63,1.54,-0.74,-1.19,2.95,2.36,1.93,1.71,3.28,1.94,1.86,4.27,-3.62
201505,6.72,2.33,2.06,1.06,8.87,2.31,1.52,0.07,2.31,0.32,1.64,-2.87,1.06,-1.39,-0.22,3.76,4.22,0.45,1.51,1.69,1.06,1.27,0.43,0.64,2.85,0.64,0.9,-1.13,1.4,1.61,-4.27,0.65
201506,2.18,4.94,0.4,1.52,-3.14,-1.97,1.16,0.94,-2.34,1.87,0.64,-1.63,-5.84,-0.74,-1.44,-1.32,-1.21,4.08,-1.32,-0.97,-1.84,-1.66,-3.19,-3.47,-1.55,-2.49,-3.15,-1.13,-0.58,-1.8,-4.4,-4.56
201507,0.68,0.14,-0.14,-0.78,-5.01,-5.06,-3.47,-3.34,-8.25,-6.07,-2.56,-7.62,-12.1,-8.96,-7.17,-19.54,2.52,6.43,5.46,2.98,2,6.11,2.07,0.87,0.02,2.09,-0.92,-6.01,-0.1,-0.71,-3.31,-5.44
201508,-12.97,-5.43,-9.92,-6.55,-5,-5.85,-4.67,-3.8,-2.09,-3.78,-4.17,-4.22,-1.58,-0.96,-3.75,-3.88,-10.02,-7.9,-5.4,-5.89,-6.4,-5.14,-6.85,-5.99,-5.27,-6.97,-5.54,-3.76,-6.03,-5.52,-3.81,-7.11
201509,-12.32,-6.28,-8.18,-4.74,-10.61,-8.64,-2.93,-5.21,-9.79,-3.54,-3.09,-4.98,-8.87,-5.32,-8.85,-16.64,-6.11,-2.73,-0.9,-2.3,-10.19,-2.77,-2.56,-2.22,-4.42,-3.15,-2.82,-4.58,-4.55,-2.96,-2.83,-9.08
201510,4.56,-1.29,5.86,5.65,3,10.45,6.78,6.55,7.78,5.51,4.72,6.05,6.09,5.64,6.37,11.69,6.83,11.39,8.32,7.49,9.7,8.61,10.05,3.54,9.82,7.88,7.32,11.01,6.35,6.67,6.01,-11.8
201511,9.25,7.44,4.8,1.76,6.12,2.22,3.16,0.27,4.86,1.81,4.12,0.44,-3.51,0.22,-0.75,1.89,1.06,2.49,-0.95,-0.07,1.9,0.91,1.42,0.44,0.4,-1.67,-1.41,0.47,0.95,1.06,-0.28,-2.05
201512,-3.02,-1.73,-2.62,-5.1,-5.62,-4.8,-5.42,-5.88,-7.8,-6.25,-5.44,-7.18,-8.19,-5.9,-6.16,-16.61,-1.27,-0.82,-0.18,-1.87,-5.75,0.97,-1.66,-2.9,-1.52,-1.73,-2.95,-8.13,-3.59,-3.1,-4.55,-10.15
201601,-25.11,-14.81,-9.8,-6.97,-18.85,-9.48,-5.85,-5.66,-8.96,-7.11,-5.81,-7.32,-9.47,-6.98,-7.73,-12.02,-20.52,-3.25,-6.73,-5.22,-11.92,-2.83,-4.26,-3,-5.54,-5.9,-4.39,-9.43,-8.32,-5.29,-1.08,-34.07
201602,-7.16,-2.29,5.52,1.63,-2.29,-0.84,2.24,2.39,1.8,1.18,1.3,4.52,12.95,6.56,1.63,-4.54,-5.25,-2.26,0.6,0.18,-0.07,-2.25,0.52,2.68,1.12,1.34,3.54,-2.58,-1.28,-1.35,-0.79,-1.91
201603,7.72,7.5,5.3,7.29,7.46,8.93,8.24,9.04,7.11,9.12,7.74,10.3,13.34,9.5,10.21,25.42,6.68,6.15,5.39,6.75,4.61,5.51,6.72,6.52,5.92,6.69,6.79,11.11,7.58,8.09,10.24,2.34
201604,6.38,5.09,3.26,0.53,7.69,1.31,1.31,2.06,14.2,5.14,3.57,4.29,15.2,13.51,5.74,17.84,3.03,4.68,-0.89,-1.81,3.89,-1.53,-0.56,1.44,-2.07,2.07,1.84,4.08,4.93,3.94,3.2,25.55
201605,6.01,1.89,2.87,1.67,1.45,3,1.1,0.51,-0.18,-0.62,1.16,-1.37,-8.77,-3.56,-0.78,-0.74,3.32,1.11,0.35,2.01,2.26,3.15,1.62,1.59,2.11,2.99,0.22,1.58,0.62,0.28,-1.53,-2.35
201606,-0.91,0.17,-0.76,-0.3,-3.04,-2.36,-0.15,-0.11,3.81,1.97,-0.45,-1.32,10.34,4.69,0.86,1.42,-2.62,-2.97,-1.83,0.09,-1.41,-0.37,0.21,0.91,2.21,-0.21,0.88,2.11,-2.57,-1.18,4.64,-19.67
201607,10.02,7.82,7.74,5.02,9.47,4.96,4.68,5.9,0.61,4.34,4.42,6.45,4.14,7.19,2.68,4.92,7.86,3.9,6.23,4.38,0.92,5.76,2.47,6.2,3.43,2.59,2.79,6.66,3.77,1.53,2.46,1.62
201608,0.67,3.67,0.83,0.44,2.33,2.93,2.74,2.26,7.63,3.29,2.85,2.34,-6.64,0.57,-0.17,-1.58,-1.56,-2.85,0.44,-0.06,1.17,-0.15,-0.55,-0.36,-0.47,-0.01,-0.32,1.08,2.78,2.97,-1.39,3.83
201609,7.62,6.45,2.04,-0.67,7.95,1.17,0.6,0.84,3.99,1.59,1.15,0.94,5.15,1.49,1.63,4.96,1.75,0.65,-0.41,0.83,1.27,1.15,-1.22,1.02,0.69,0.67,0.5,2.33,0.78,-2.49,0.29,-2.26
201610,-14.56,-8.17,-5.42,-3.65,-16.21,-7.7,-3.31,-3.29,-7.9,-4.29,-1.61,-2.73,-7.97,-3.46,-3.96,-5.59,-0.6,-0.38,-2.26,-2.65,-2.73,-1.52,-2.4,-1.71,-4.11,-2.13,-2.78,-1.32,0.62,1.62,0.81,-4.72
201611,6.85,5.85,6.69,6.67,10.07,5.13,11.03,11.13,11.84,9.98,15.22,9.62,14.18,7.61,13.32,17.33,-0.27,-4.92,0.3,2.32,2.9,-0.02,3.95,7.82,1.29,4.24,4.46,9.77,11.7,8.74,2.27,11.21
201612,-5.29,0.51,-0.27,2.74,-1.22,0.46,2.43,2.04,-1.06,2.99,5.29,3.26,2.83,2.99,2.65,0.81,-2.5,0.08,1.61,1.68,0.96,1.74,0.82,0.01,0.2,1.64,2.93,0.39,2.72,3.59,5.65,3.31
201701,4.23,6.06,2.48,0.39,3.32,1.1,0.94,0.21,4.33,0.91,-0.85,-0.86,3.64,5.26,1.19,3.87,12.28,4.79,3.17,2.74,-1.43,3.02,2.9,2.78,3.39,-0.28,2.04,1.46,0.91,1.13,2.81,-6.65
201702,7.83,6.01,3,1.8,4.08,2.45,1.17,0.4,-0.91,0.9,1.17,1.1,-4.71,-0.58,-0.49,-2.98,2.49,4.89,3.48,5.01,0.15,4.34,4.08,2.59,1.88,2.25,2.02,2.78,2.25,3.52,2,4.86
201703,1.81,3.72,1.07,1.41,5.7,-1.23,0.19,-0.17,-1.43,1.38,-1.48,0.19,-3.8,-2.31,0.06,-1.91,1.75,3.5,1.77,1.3,0.17,0.75,0.58,-0.17,-0.56,-0.19,-0.09,-2.06,-1.97,-1.81,0.09,-2.6
201704,0.4,2.43,1.8,2.2,0.7,0.62,0.44,1.65,-0.22,0.25,-0.22,-0.98,-8.31,-1.96,-1.63,-2.83,4.79,3.69,2.14,1.38,0.75,2.98,1.3,0.62,0.21,0.24,1.12,2.65,-1.01,-1.07,-0.7,0.22
201705,-2.07,2.42,3.75,0.03,-3.68,-2.33,-1.1,-2.51,-2.47,-0.76,-3.78,-2.85,-7.76,-3.65,-3.44,-4.74,4.84,1.73,2.7,3.27,-3.07,4.33,1.29,0.41,-1.49,0.2,1.39,1.71,-1.86,-1.27,1.32,0.13
201706,10.11,2.06,1.72,2.39,7.74,4.68,2.7,3.31,-0.8,3.72,4.2,3.86,1.95,3.84,3.62,2.01,-0.97,-0.67,0.73,-1.27,1.53,-1.54,2.33,2.5,1.3,1.16,-1.04,0.85,3.6,4.48,0.25,4.08
201707,0.78,1.27,0.11,0.49,2.01,0.57,1.61,1.45,-1.85,1.68,0.66,2.41,0.38,3.07,1.44,2.02,5.08,6.55,5.51,1.42,4.23,1.08,1.64,2,1.56,1.47,2.33,1.29,2.96,1.93,1.73,2.44
201708,1.87,0.93,-1.18,-1.4,-1.88,0.12,-2.1,-1.71,3.65,-4.17,-2.6,-0.69,1.67,-2.19,-0.85,1.08,2.79,3.88,2.15,-0.02,-0.76,-0.32,0.36,5.09,-2.9,1.02,0.07,0.17,-1.57,-0.95,-0.06,-2.08
201709,2.97,5.39,2.46,4.26,10.65,4.71,7.18,6.95,10.69,7.36,7.39,6.11,4.85,3.47,4.88,3.31,-0.88,2.33,0.49,2.81,4.86,2.78,1.13,-0.99,4.07,3.19,2.72,-2.76,4,3.6,-0.6,9.45
201710,-1.95,1.49,2.11,1.5,-3.32,1.03,0.91,0.72,-2.04,-1.04,0.03,0.83,1.63,-0.68,1.35,3.53,4.22,13.21,4.89,2.66,0.17,1.59,1.54,4.26,0.15,1.7,1.82,-2.87,1.28,2.79,1.52,2.83
201711,4.3,0.97,-0.57,3.93,1.49,-1.37,2.39,3.45,1.92,3.73,1.78,3.19,0.46,1.45,1.91,0.15,-1.49,1.87,1.03,4.92,1.54,0.31,3.08,3.04,1.08,4.31,4.57,4.79,2.22,3.03,0.8,2.99
201712,2.77,1.4,-0.56,1.16,2.32,0.61,-0.4,0.99,-0.92,0.86,-0.98,-0.51,15.13,1.61,0.21,1.68,0,-2,0.09,1.87,1.53,0.45,0.99,0.68,2.71,0.1,1.29,5.17,1.67,2.18,0.72,0.61
201801,8.35,4.09,3.46,2.01,5.71,2.1,2.21,3.3,12.93,-0.07,1.18,2.68,3.06,1.53,0.04,2.43,16.11,17.63,7.38,8.24,1.4,7.75,4.15,1.88,4.25,5.48,3.95,4.41,4.5,5.24,1.07,-0.64
201802,-1.36,-1.49,-4.69,-4.08,-2.52,-5.28,-3.19,-5.28,-3.73,-4.98,-3.86,-4.21,-3.47,-6.28,-5.98,-8.87,1.16,0.68,-1.65,-2.79,-6.18,-6.22,-3.84,0.2,-7.74,-3.03,-5.89,-8.65,-5.33,-4.06,-5.33,-5.23
201803,1.08,1.81,2.08,1.26,-3.22,-1.83,1.5,-0.22,-2.24,1.73,0.98,1.26,-2.01,1.43,1.42,-2.52,-1.88,-1,-3.34,-2.54,-0.56,-3.63,-2.47,-4.14,-1.52,-1.23,-0.77,-2.87,-1.69,-3.11,0.68,-2.52
201804,-0.64,3.54,-0.02,-0.08,3.88,0.03,0.76,0.02,3.95,3.05,2.1,0.7,-2.91,4.16,3.63,0.64,3.27,-0.23,1.89,0.27,3.31,0.51,0.23,-0.88,2.47,-0.07,-0.28,-3.28,1.3,0.02,-0.8,0.72
201805,11.35,8.87,10.4,3.4,8.85,9.55,5.96,3.96,5.32,4.23,5.07,4.36,6.3,3.83,1.96,7.84,7.34,9.52,5.69,2.8,4.01,4.71,0.98,6.13,3.02,1.51,0.64,0.04,-0.38,-0.32,-0.06,5.65
201806,-1.16,0.27,1.31,1.83,-2.37,1.53,0.63,0.36,-1.71,0.05,-0.49,0.83,2.73,0.76,1.13,-2.48,5.95,-3.73,1.03,1.33,0.62,1.95,0.64,0.3,1.86,-1.27,-0.55,2.87,-0.29,-1.65,0.21,-3.08
201807,-2.81,-0.35,2.1,2.33,1.38,1.72,3.69,2.55,-3.47,2.57,0.97,1.76,0.46,0.38,0.18,-0.46,-0.46,-8.47,-0.74,4.01,-5.35,6.11,3.19,5.58,4.33,4.13,3.64,2.68,4.16,4.1,0.85,-3.2
201808,7.04,13.61,13,3.06,6.18,7.42,4.28,2.02,5.11,1.06,1.69,1.02,-0.72,1,1.38,1.82,13.51,9.29,4.56,6.8,8.89,1.8,2.6,2.38,0.66,2.06,1.97,3.39,-0.07,0.12,1.06,-1.04
201809,-1.94,2.43,-3.03,-1.69,-3.78,-1.34,-2.12,-1.95,-5.97,-3.15,-3.79,-2.21,1.08,-0.21,-0.16,-3.31,-0.71,2.07,-0.22,0.92,-2.19,-1.31,2.53,0.71,-0.38,0.93,0.51,-1.21,-0.4,-1.93,1.75,-1.62
201810,-17.85,-13.7,-13.36,-10.77,-18.33,-8.89,-9.27,-10.47,-15.69,-11.37,-8.52,-9.67,-10.12,-7.82,-9.79,-12.08,-10.97,-15.79,-10.16,-8.61,-10.15,-9.06,-6.49,-4.11,-9.52,-6.77,-3.45,-7.17,-8.02,-5.34,-4.56,3.62
201811,2.09,-2.17,-1.66,0.92,-1.03,-0.25,3.81,1.53,-1.48,-0.03,2.27,-2.08,-5.75,-1.33,-3.31,-0.79,4.43,-0.32,1.18,0.27,0.89,2.34,1.9,3.75,-2.58,4.44,4.17,5.89,3.27,0.97,1.24,0.7
201812,-11.72,-9.91,-9.93,-11.7,-16.03,-8.63,-11.89,-11.24,-16.63,-10.67,-11.63,-10.89,-12.74,-9.84,-11.31,-12.46,-7.16,-7.66,-7.38,-8.8,-10.51,-6.07,-8,-10.06,-7.62,-9.53,-9.19,-10.68,-10.33,-11.84,-9.1,-6.77
201901,13.8,16.91,11.17,10.97,15.54,10.29,9.54,11.71,8.94,11.3,9.75,10.24,12.26,10.78,11.96,14.47,14.34,20.47,13,7.61,15.81,8.05,7.27,6.74,8.8,9,6.79,10.45,9.2,9.55,6.47,8.52
201902,7.81,6.49,5.82,6.21,10.68,8.61,5.73,4.68,5.42,3.62,4.92,2.21,3.66,1.72,2.37,4.01,6.53,7.65,2.82,4.31,5.65,3.26,2.69,2.5,3.84,4.5,4.87,3.21,0.57,3.02,1.52,-0.91
201903,1.7,-1.49,0.63,-2.39,-0.11,-1.96,-1.17,-2.45,-3.12,-3.06,-4.64,-3.24,-3.53,-2.99,-1.88,-2.71,-2.33,1,1.65,4.42,0.46,4.09,2.8,-0.1,0.56,0.47,0.65,-1.67,-0.49,-2.05,0.43,-3.56
201904,-3.52,1.41,5.61,4.32,-3.7,2.25,4.51,5.31,-2.4,3.43,4.94,3.4,-0.04,2.67,1.59,0.06,1.28,3.46,4.7,5.23,4.96,3.38,3.23,2.42,5.47,2.86,2.21,4.3,5.91,5.69,3.24,1.27
201905,-4.74,-5.4,-7.28,-8.01,-7.07,-4.48,-6.97,-7.62,-12.59,-9.46,-8.05,-10.24,-6.6,-8.46,-8.53,-10.45,-6.8,-4.96,-6.4,-6.66,-6.16,-6.35,-6.84,-5.38,-7.01,-4.66,-5.35,-7.73,-8.57,-8.19,-4.34,-7.15
201906,10.86,5.25,4.77,9.66,7.42,4.89,6.63,8.42,0.04,8.14,7.09,6.81,6.09,6.89,5.92,8.53,6.37,5.74,6.99,7.59,6.81,2.35,7.93,7.37,9.08,6.66,6.11,7.18,8.45,6.53,7.66,10.24
201907,-2.58,1.26,1.27,1.31,-4.56,2.86,1.54,0.56,-11.14,-0.88,1.07,-1.43,-8.14,-0.59,3.04,-2.49,3.06,-4.42,0.57,2.12,3.6,5.74,0.92,0.27,0.85,0.85,0.5,2.76,0.02,1.63,-2.39,10.15
201908,-5.86,-5.79,-6.03,-3.99,-4.86,-3.54,-4.7,-5.1,-11.57,-4.16,-5.56,-7.36,-14.74,-6.97,-6.97,-12.21,-2.58,-4.92,-2.59,0.46,-0.77,-1.24,-2.83,-0.89,-2.44,-0.06,-2.8,-5.75,-4.63,-4.74,-3.76,-4.22
201909,-5.21,-5.52,-0.55,0.88,-5.25,-0.26,1.32,5.62,-10.17,3.28,4.77,6.92,5.41,3.02,5.21,6.62,-7.24,-3.54,-0.05,1.03,-2.08,0.8,0.07,1.14,-0.02,3.15,3.42,6,5.23,5.59,4.17,-0.58
201910,6.87,3.87,1.07,1.75,4.52,1.34,-0.64,2.57,-0.17,1.3,1.55,3.02,-1.51,0.48,1.07,-0.09,5.74,1.54,2.51,2.88,-4.05,1.52,2.17,2.67,1.75,1.22,1.08,3.51,1.74,1.58,-2.32,1.71
201911,13.6,9.08,3.47,2.89,6.99,4.42,2.28,2.57,19.82,3.34,3.12,3.59,1.29,2.84,2.55,4.04,9.42,5.66,5.59,4.35,5.92,3.78,4.43,3.16,4.51,2.54,2.03,3.24,3.79,3.03,4.2,-1.86
201912,2.09,1.17,3.41,2.28,20.19,3.49,3.02,3.8,6.71,4.09,3.75,3.07,11.13,6.9,5.62,8.94,0.68,0.78,2.41,3.99,1.09,2.58,1.35,2.9,3.34,2.44,3.44,2.6,3.52,2.46,3.17,9.72
202001,-3.32,2.18,-0.11,-1.45,-4.39,-1.12,-2.79,-4.27,-8.08,-3.06,-5.33,-6.3,-6.81,-8.02,-6.53,-13.31,13.69,3.12,0.66,2.81,2.23,3.41,-1.91,-0.98,2.66,2.14,-2.4,-1,-3.33,-5.75,-6.74,-2.62
202002,-4.5,-5.4,-8.45,-7.8,-1.95,-4.95,-9.65,-11.51,-4.39,-7.02,-9.92,-10.32,-11.72,-9,-10.65,-11.44,-2.77,-1.75,-5.44,-7.74,-6.78,-7.4,-7.32,-8.04,-7.49,-9.41,-8.72,-10.99,-9.79,-11.62,-8.83,-6.56
202003,-16.39,-12.24,-15.65,-21.65,-21.43,-16.08,-17.18,-25.76,-26.9,-23.25,-23.89,-33.99,-38.94,-28.81,-31.12,-40.83,-13.61,-4.06,-7.59,-7.66,-13.18,-10.82,-8.86,-11.5,-13.14,-14.04,-17.98,-16.24,-21.36,-24.64,-30.34,-27.08
202004,24.17,15.11,13.71,15.87,19.11,10.78,11.33,15.69,15.61,13.6,11.69,20.63,35.34,21.74,21.82,33.09,22.92,16.61,13.33,14.22,17.47,15.1,13.47,10.78,12.41,9.09,10.88,10.18,8.67,12.04,16.28,11.58
202005,12.5,14.21,11.23,9.74,9.18,4.21,2.75,6.88,22.4,4.87,2.04,7.4,9.48,2.62,2.96,4.16,15.14,11.5,7.71,4.84,5.38,6.47,5.43,5.24,3.25,4.7,6.47,4.87,2.49,1.5,4.11,4.92
202006,5.96,5.47,4.21,2.88,6.44,1.5,0.01,2.86,5.41,3.5,3.07,6.3,8.85,2.38,3.25,6.19,10.57,7.93,3.72,6.8,5.11,-0.7,-1.29,-0.99,-1.39,-1.33,-0.75,0.6,0.14,-0.42,2.7,3.55
202007,-0.6,5.06,5.63,3.24,3.13,4.51,3.76,3.02,10.64,7.85,0.24,3.39,9.3,6.54,2.87,2.63,6,17.71,8.7,7.42,7.94,7.69,7.65,4.17,6.18,6.02,5.53,0.18,2.67,0.95,5.61,-1.78
202008,9.03,6.75,2.38,5.61,-0.27,3.83,2.01,7.13,-4.99,5.05,3.95,6.19,11.81,8.08,5.69,8.43,6.3,38.87,7.62,11.11,10.94,6.11,7.33,4.88,5.18,1.98,4.26,5.91,2.59,2.56,6.09,14.7
202009,1.61,-2.35,-2.49,-2.97,-10.92,-5.49,-5.03,-3.79,-9.93,-4.19,-5.85,-3.22,-2.72,-3.18,-7.63,-8.76,-1.06,-9.1,-4.88,-5.22,-2.99,-4.85,-2.5,-1.11,-1.72,-1.87,-0.58,-0.39,-6.01,-4.71,-3.51,-5.16
202010,2.01,2.76,1.07,1.94,-2.56,1.06,3.48,2.85,-2.99,1.99,6.79,2.56,1.31,3.15,6.05,1.34,-1.09,-8.53,-4.57,-4.78,-3.22,3.37,-1.32,-3.85,-1.45,-0.4,-1.55,-4.33,-0.97,-0.47,-2.65,9
202011,19.38,21.84,15.47,16.36,23.5,17.33,12.88,17.6,27.73,19.2,17.32,18.34,25.49,23.78,18.27,26.88,15.59,32.83,10.34,9.05,15.08,7.2,8.84,13.62,14.35,7.95,14.36,12.6,17.91,17.66,14.74,25.62
202012,11.84,15.24,10.08,6.86,4.5,10.68,7.11,6.74,7.56,7.01,7.75,9.42,4.92,9.23,8.61,11.16,6.71,17.49,7.03,5.13,-2.56,2.28,1.35,3.29,6.29,2.67,3.64,0.53,5.12,4.57,3.68,-3.47
202101,7.07,6.68,2.69,0.57,14.53,8.83,1.59,1.17,15.49,7.71,2.14,3.76,109.16,7.51,3.87,7.42,1.23,7.65,-4.14,-2.07,5.11,2.36,-3.34,-0.86,-2.56,-0.99,-2.25,-0.06,-0.28,0.59,-0.14,15.53
202102,-2.09,3.61,3.94,7.75,5.65,6.97,5.36,10.43,7.5,3.14,12.35,15.18,-24.88,11.01,13.45,15.37,3.29,-10.55,2.01,-0.29,-2.59,4.01,0.47,4.97,6.48,0.47,5.69,2.58,12.08,9.18,8.41,5.8
202103,-8.74,-8.45,-0.53,2.6,-3.13,-4.27,3.43,6.82,-5,1.37,5.49,6.29,17.81,2.86,6.57,6.92,-11.51,-1.2,-1.38,2.37,-3.23,1.46,7.94,6.89,1.88,6.96,6.18,6.74,5.7,7.35,5.28,11.01
202104,-1.61,1.42,5.21,4.07,1.25,3.9,2.64,4.42,0.04,0.31,2.81,2.82,-3.71,5.01,4.06,0.75,7.34,7.67,3.25,6.84,7.33,8.61,5.69,2.06,2.91,4.53,5.31,1.22,4.94,4.53,4.38,1.65
202105,-4.28,-3.68,-3.01,1.29,-4.98,0.5,0.48,1.89,1.54,2.24,2.81,2.13,11.1,6.84,6.72,11.95,-4.15,-8.81,-1.42,-1.5,-1.36,-0.25,1.29,2.46,1.18,1.8,2.6,2.48,3.53,5.16,6.11,6.64
202106,8.01,8.7,2.97,0.08,9.97,2.54,-0.07,-2.37,-2.9,1.51,-4.57,-1.46,5.82,-1.94,-2.21,5.27,13.71,8.04,10.1,6.19,8.06,3.94,1.59,-0.69,0.05,-0.04,-1.72,-1.11,-2.24,-3.35,-2.59,-0.08
202107,-10.24,-5.53,-2.36,-0.82,-11.08,-7.54,-0.87,0.71,-9.95,-5.25,-1.81,-0.83,-12.83,-7.86,-2.21,-2.74,-0.37,5.41,1.43,3.48,-4.93,5.03,4.74,2.91,-1.46,3.32,1.1,-0.36,-3.73,-1.72,0.79,-1.86
202108,2.81,2.22,3.55,1.39,1.71,0.58,1.03,0.92,3.2,0.49,0.86,1.81,-2.35,2.06,2.66,2.37,3.77,6.52,6.63,3.29,3.17,3.22,4.54,1.62,0.66,2.7,1.17,1.66,2.32,2.58,2.45,-6.46
202109,-5.81,-4.61,-3.46,-3.14,1.58,-4.15,-4.14,-3.44,3.95,-2.58,-1.73,-2.8,11.57,3.99,1.26,0.68,-5.26,0.34,-7.4,-5.99,-0.59,-5.75,-6.75,-5.38,-3.78,-5.27,-5.21,-4.04,1.31,-0.85,-3.54,1.33
202110,0.12,4.36,5.69,5.05,-2.98,1.27,4.27,4.57,1.36,3.38,3.61,5.18,7.34,4.91,3.6,4.73,3.38,27.76,9.61,8.28,2.97,5.3,7.18,5.21,3.13,6.17,2.87,0.26,7.16,6.08,4.04,2.09
202111,-9.07,-9.47,-5.47,-3.78,-9.42,-5.5,-3.96,-1.23,-8.41,-6.59,-2.76,-2.42,-10.74,-6.44,-3.21,-2.64,-8.41,-0.7,8.15,2.63,-9.98,-1.69,-2.73,-2.65,-9.29,-0.18,-1.72,-2.41,-5.92,-4.82,-4.41,3.85
202112,-4.54,-3.62,-0.26,2.76,3.67,-3.32,5.51,4.9,0.96,0.7,5.08,5.16,3.83,2.55,4.74,4.6,-8.88,-5.01,-2.35,3.27,-5.28,4.06,5.15,8.26,6.96,6.32,7.29,5.44,3.75,5.05,7.96,2.79
202201,-15.38,-17.51,-13.3,-10.19,-9.08,-16.01,-7.84,-8.46,0.64,-5.31,-3.79,-4.32,8.64,3.92,1.15,-1.38,-18.36,-12.15,-15.51,-6.62,-12.46,-11.25,-6.95,-4.56,-1.15,-5.2,-4.58,-3.01,4.75,3.77,2.89,-5.23
202202,-0.08,-2.08,1.45,-0.78,5.47,-0.51,3.01,-0.3,7.41,0.39,1.91,0.64,10.09,5.64,2.29,1.54,-4.19,-3.43,-5.31,-2.9,-4.79,-1.81,-6.27,-2.9,2.38,-2.6,-0.59,0.76,1.64,0.77,-0.42,-6.97
202203,2.36,4.06,0.33,0.8,5.68,1.05,1.3,0.42,2.35,6.69,0.71,0.01,11.38,11.35,0.41,2.19,1.15,13.2,5.5,3.64,1.09,2.54,3.23,5.43,1.13,4,3.7,2.57,0.61,2.78,3.01,-1.77
202204,-16.55,-18.01,-12.22,-9.06,-10.63,-14.99,-7.06,-7.27,-9.93,-9.68,-6.73,-5.73,-3.36,-4.69,-5.85,-3.61,-18.53,-19.06,-22.12,-10.16,-14.64,-8.88,-10.42,-3.91,-9.21,-7.65,-5.99,-6.46,-6.51,-5.69,-5.11,-7.88
202205,-9.87,-7.97,-0.86,0.5,0.03,-3.72,-0.18,0.98,2.05,0.54,3.42,2.88,10.47,5.35,4.47,4.39,-13.12,-9.4,0.14,-1.92,-10.99,1.93,-0.26,-2.89,2.9,2.32,3.12,4.04,5.24,5.81,3.79,0.98
202206,-2.46,-4.54,-7.57,-6.15,-7.44,-6.54,-7.53,-6.69,-15.19,-9.58,-7.8,-9.66,-18.61,-16.99,-10.55,-13.29,-11.28,-9.91,-15.14,-6.98,-6.83,-6.31,-6.26,-6.16,-13.74,-6.99,-7.87,-7.07,-13.01,-11.69,-9.03,-13.82
202207,12.28,11.17,10.27,12.14,8.67,11.85,8.53,10.58,8.25,5.76,6.93,8.27,6.64,7.49,6.31,10.3,9.71,12.62,22.88,11.82,12.2,11.37,6.69,3.22,8.17,6.21,3.43,2.29,5.9,7.37,4.17,13.93
202208,3.49,-0.2,-3.45,-5.25,3.75,-1.78,-2.76,-3.65,6.86,-0.44,-3.14,-3.21,2.16,1.13,-2.49,-1.23,2.31,-3.47,-7.01,-5.14,-3.08,-4.24,-4.98,-2.79,-2.68,-1.32,-2.41,-2.63,-2.05,-2.11,-0.37,-2.55