  Average Equal Weighted Returns -- Monthly,,,,,,,,,,,,,,,,,,,,,,,,,,,,,,,,
DATE,SMALL LoBM LoOP,ME1 BM1 OP2,ME1 BM1 OP3,ME1 BM1 HiOP,ME1 BM2 LoOP,ME1 BM2 OP2,ME1 BM2 OP3,ME1 BM2 HiOP,ME1 BM3 LoOP,ME1 BM3 OP2,ME1 BM3 OP3,ME1 BM3 HiOP,ME1 BM4 LoOP,ME1 BM4 OP2,ME1 BM4 OP3,SMALL HiBM HiOP,BIG LoBM LoOP,ME2 BM1 OP2,ME2 BM1 OP3,ME2 BM1 HiOP,ME2 BM2 LoOP,ME2 BM2 OP2,ME2 BM2 OP3,ME2 BM2 HiOP,ME2 BM3 LoOP,ME2 BM3 OP2,ME2 BM3 OP3,ME2 BM3 HiOP,ME2 BM4 LoOP,ME2 BM4 OP2,ME2 BM4 OP3,BIG HiBM HiOP
199007,-3.4,-4.97,-4.18,-4.45,-0.64,-2.51,-3.65,-3.33,-0.62,-1.58,-3.54,-1.67,-3.63,-4.08,-4.56,-4.13,-4.07,-0.58,-1.63,-1.65,0.42,-3.43,-0.43,-0.87,-3.35,-1.53,-0.7,-1.17,-5.49,-4.2,-2.1,-1.64
199008,-11.73,-12.61,-13.17,-14.29,-12.68,-9.39,-11.67,-12.93,-12.72,-9.07,-9.12,-12.16,-10.36,-8.34,-5.61,-8.33,-14.78,-10.59,-7.81,-10.37,-6.75,-10.92,-10.95,-10.66,-7.04,-10.67,-9.77,-10.5,-9.53,-10.86,-10.94,-12.96
199009,-12.51,-9.03,-9.51,-10.9,-11.55,-7.08,-7.46,-9.05,-11.65,-8.2,-7.48,-8.06,-6.67,-7.48,-8.75,-6.98,-9.83,-5.33,-5.42,-5.91,-6.79,-8.38,-8.19,-3.44,-5.9,-7.84,-5.94,-7.24,-10.82,-8.98,-7.06,-10.71
199010,-5.8,-10.19,-3.92,-3.92,-4.64,-6.17,-5.15,-4.79,-4.35,-4.79,-7.3,-6.08,-7.83,-6.43,-6.32,-2.46,-4.84,-9.2,0.86,-0.25,-2.55,-4.98,-0.95,-2.06,-6,-2.7,-1.66,-5.37,-5.83,-5.55,-4.54,-7.73
199011,8.36,5.78,10.57,7.56,8.98,5.78,6.72,6.58,3.24,5.84,10.27,5.42,2.36,2.97,5.9,3.21,14.44,11.6,9.77,7.31,7.73,10,7.74,7.86,7.26,8.5,5.6,10.26,9.06,8.63,7.78,5.48
199012,2.71,2.35,5.65,4.21,-2.01,1,2.98,4.22,1.37,4.13,4.94,1.54,-0.09,1.51,1.71,0.12,6.83,2.73,5.33,5.02,2.92,3.79,5.16,4.62,3.03,4.08,3.78,6.77,2.27,4.47,7.03,7.01
199101,11.74,8.03,9.11,11.12,12.01,9.04,8.22,8.62,4.29,8.09,13.85,6.62,14.57,8.92,12.5,14.08,3.99,4.32,6.96,6.42,5.03,6.44,5.39,6.26,3.34,7.91,3.7,7.32,7.83,7.72,7.39,11.92
199102,23.86,18.4,12.62,12.44,14,11.67,11.98,13.66,19.28,11.62,10.29,11.03,17.15,14.71,11.38,14.19,7.79,10.78,9.27,10.01,11.98,8.65,7.81,6.97,10.29,8.16,5.91,8.63,12.03,9.12,6.67,7.28
199103,12.39,1.31,6.64,8.77,10.19,5.78,5.76,6.73,6.36,5.8,9.29,1.12,8.31,5.63,7.77,2.91,4.74,3.57,4.13,4.8,0.82,3.16,3.74,2.45,-0.24,1.33,0.4,1.29,5.02,2.02,2.47,1.66
199104,0.94,4.64,-0.79,-0.05,0.68,1.69,1.57,1.52,4.15,3.34,-0.73,1.02,2.15,2.6,3.43,-0.5,2.19,-1.17,-2.22,0.15,-3.16,1.25,0.42,-0.27,-1,1.32,2.05,2.58,2.44,2.03,0.84,0.18
199105,6.61,5.16,4.13,5.57,4.32,3.25,5.45,4.69,3.18,4.65,3.28,4.23,4.15,3.29,2.1,2.03,4.47,3.21,6.06,3.49,4.37,4.12,4.39,2.06,5.5,6.88,4.61,4.68,5.05,5.67,7.45,9.27
199106,-7.39,-4.66,-2.7,-3.55,-1.6,-1.94,-2.38,-2.47,-4.91,-2.29,-1.93,-3.1,-2.9,-0.11,-2.64,-0.42,-7.44,-4.16,-5.41,-3.74,-4.33,-4.93,-3.53,-3.93,-5.7,-4.65,-1.69,-4.16,-3.72,-4.6,-0.75,1.27
199107,4.51,6.28,2.14,4.15,4.5,4.19,1.7,3.34,3.32,1.83,2.27,1.58,2.62,3.39,2.29,3.16,8.86,1.06,5.93,5.63,1.41,3.95,3.35,4.07,0.64,2.77,3.47,5.27,3.17,7.51,4.66,10.71
199108,7.45,4.77,3.87,3.76,0.55,3.64,3.01,1.6,1.13,1.37,2.67,3.87,1.48,3.1,0.6,-0.05,5.31,1.61,3.5,2.31,-0.11,2.34,3.79,3.25,2.13,1.82,3.02,3.77,1.56,3.57,2.34,4.94
199109,8.73,3.29,0.55,0.1,1.88,1.62,0.54,1.11,1.12,1.33,-0.2,0.19,-0.9,-2.18,-0.35,-1.37,3.7,-3.22,-1.45,-1.5,-1.62,-1.57,-1.71,-0.92,-1.72,-1.08,1.78,0.64,-2.68,-1.99,-4.21,-4.54
199110,5.07,6.53,1.91,3.58,1.86,5.99,2.77,2.85,2.15,1.37,2.58,1.16,2.03,3.27,2.71,-1.87,10.03,2.85,1.86,1.2,1.43,2.26,2.25,0.4,2.19,2,1.58,4.06,3.45,2.97,-0.61,-0.57
199111,-4.46,-5.19,-2.38,-2.66,-3.34,-2.43,-2.3,-2.9,-2.32,-3.2,-1.94,-5.81,-1.45,-2.21,-6.03,-4.72,-4.81,-1,-2.83,-2.01,-6.14,-4.45,-4.45,-5.58,-2.01,-4.01,-2.99,-7.9,-4.7,-3.66,-9.18,-7.12
199112,6.33,10.29,6.7,6.58,-3.08,5.12,3.32,5.28,0.48,3.01,4.85,3.8,0.16,3.63,2.81,9.42,16.13,16.15,13.11,11.76,6.53,8.17,10.1,8.07,5.35,9.99,7.41,7.75,7.25,10,10.18,14.54
199201,21.97,10.96,7.2,10.05,12.48,10.84,7.35,10.81,16.51,11.85,9.88,13.82,29.39,15.92,19.7,14.37,-2.42,-3.81,0.85,0.02,0.64,0.31,2.1,1.55,0.28,0.51,0.51,1.88,5.56,5.3,6.15,9.97
199202,2.33,2.28,0.75,3.21,1.01,3.53,1.71,4.13,6.91,5.29,6.35,7.39,13.32,7.28,11.77,6.31,-4.31,-0.08,0.57,0.35,2.14,1.73,1.84,1.13,0.9,2.67,1.85,1.84,4.88,3.44,3.61,9.85
199203,-5.92,-9.71,-3.42,-4.03,-1.29,-3.01,-1.36,-1.24,-1.04,0.54,-1.19,1.93,0.65,-0.01,-1.1,4.35,-10.52,-3.27,-3.49,-2.98,-4.62,-1.94,-2.92,-1.85,-1.06,-1.37,-0.62,-3.12,-2.09,-3.23,-1.61,-2.08
199204,-9.04,-4.32,-4.7,-4.32,-7.43,-5.27,-2.07,-3.19,-5.3,-2.92,-3.22,-2.42,-1.06,-0.39,-0.53,-0.56,-10.35,-0.77,-1.8,-1.34,2.08,0.22,0.3,2.75,-0.42,0.36,1.62,0.86,0.76,2.86,1.72,3.86
199205,-1.61,-0.87,0.63,-0.02,2.43,2.43,1.88,-0.03,1.39,0.78,0.01,-0.34,2.94,2.67,1.71,2.28,5.49,-5.57,0.26,0.71,1.37,1.05,0.11,1.98,1.48,1.46,0.69,0.72,0.2,-0.21,-1.33,1.36
199206,-8.48,-8.65,-3.9,-5.57,-4.04,-3.94,-2.37,-3.53,-4.45,-3.15,-2.84,-5.37,-1.27,-3.16,-2.06,7.73,-2.47,1.45,-2.97,-2.04,-3.49,-1.92,-1.82,-3.2,-1.8,-1.34,-1.27,-2.21,-0.89,-3.16,0.92,-2.4
199207,2.91,-0.77,0.26,1.86,1.92,1.53,3.1,2.19,2.02,3.36,3.14,5.01,3.74,4.52,1.68,7.08,6.08,5.32,6.6,3.18,4.3,4.79,4.2,5.85,4.86,3.91,5.26,4.85,1.83,3,4.33,4
199208,-6.87,-5.89,-2.04,-2.53,-3.94,-1.22,-0.94,0.61,-4.03,-0.72,-1.19,-1.78,-3.84,-2.74,-1.71,-2.13,-7.37,-2.08,-0.88,-1.56,-3.89,-2.59,-0.65,-0.11,-3.06,-1.83,-0.83,-1.27,-4.15,-2.73,-2.64,-3.01
199209,1.75,-0.58,3.12,0.71,1.73,0.62,1.92,1.79,0.06,0.76,1.95,0.95,1.23,0.07,0.96,-0.44,-0.68,1.17,1.68,1.1,4.03,3.6,0.81,3.19,-0.8,1.15,-0.79,0.99,-0.35,1.54,-1.57,0.7
199210,2.82,5.34,3.54,4.25,4.16,1.72,2.05,2.2,1.15,1.35,2.19,0.98,0.92,2.32,2.74,3.81,-0.4,7.68,3.73,3.66,2.01,1.14,1.93,2.24,0.6,0.64,2.24,-1.45,1.3,2.38,1.44,2.24
199211,15.74,11.43,8.43,8.61,8.45,6.72,7.07,6.24,8.69,5.39,6.13,6.77,4.45,6.24,5.23,14.75,10.82,7.03,3.66,7.01,4.14,6.26,2.97,4.55,1.4,2.09,1.59,2.43,3.07,2.23,4.27,5.92
199212,2.39,0.17,2.06,3.2,4.12,2.81,3.84,5.82,6.32,4.95,5.65,4.54,7.33,7.31,4.96,9.23,4.3,0.78,2.56,0.85,4.38,3.01,2.68,5.66,1.84,2.41,3.83,4.07,5,2.77,1.91,2.31
199301,2.94,-0.52,3.46,4.49,5.53,4.28,3.67,5.04,4.57,5.92,6.98,5.54,13.77,7.8,11.25,16.12,12.14,1.31,-1.29,-1.16,2.87,1.1,1.74,2.28,1.65,1.63,1.83,1.87,2.6,1.33,3.34,1.52
199302,-8.71,-4.02,-5.63,-4.68,-0.56,-1.69,-0.58,0.41,2.65,2.02,1.01,-0.31,5.45,2.15,1.32,4.86,-10.56,-6.8,-4.97,-3.24,1.76,1.61,1.18,2.29,2.59,2.45,4.11,3.87,2.61,3.14,3.14,3.63
199303,2.45,-0.94,0.49,1.92,3.57,1.57,3.36,4.48,4.1,3.25,4.26,4.4,4.98,5.96,4.02,5.21,-1.98,4.47,2.16,2.95,4.44,4.03,1.84,2.5,3.76,3.37,2.2,3,5.17,2.71,4.1,2.8
199304,-2.61,-2.4,-5.14,-3.23,-0.81,-3.12,-2.16,-2.46,0.97,-0.91,-0.87,-2,0.39,1.02,-0.66,0.96,-2.2,-5.4,-3.01,-4.5,0.44,-3.8,-1.41,-2.05,-1.25,-0.16,1.12,-0.57,-1.05,-3.37,-1.15,0.05
199305,8,5.31,5.69,3.4,5.74,4.22,3.43,3.83,6.06,3.96,3.95,2.3,5,4.64,3.49,3.36,5.26,9.88,4.59,5.72,5.32,2.68,2.66,3.52,5.26,1.62,1.39,1.36,2.07,0.86,3.16,2.38
199306,0.72,-1.34,0.89,0.14,6.92,0.75,0.35,2.03,1.65,1.07,1.79,2.08,4.9,2,2.13,2.78,1.68,-4.43,-3.03,-1.49,-0.34,1.54,0.12,0.16,1.05,1.36,2.36,1.58,2.24,0.05,4.61,1.8
199307,-0.87,0.12,-0.3,-0.17,-2.92,1.16,1.07,-0.15,0.81,1.49,2.57,0.89,2.37,3.37,3.73,4.81,-0.39,-0.57,-2.43,-0.76,-0.23,-0.19,-0.67,-0.4,1.4,0.29,1.55,3.06,0.44,0.77,0.03,-1.29
199308,3.74,3.38,4.29,4.67,6.87,3.21,4.39,4.59,2.89,4.63,4.7,3.5,1.96,2.91,5.74,3.49,7.74,4.04,3.63,4.09,8.68,4.1,4.4,3.94,3.78,3.02,2.94,4.18,3.95,3.72,2.44,5.97
199309,2.22,2.06,1.45,1.18,2.71,1.63,1.71,2.2,3.37,3.07,1.71,3.06,4.33,3.65,2.46,4.14,2.19,3.68,1.37,0.98,1.84,0.59,-0.97,-0.21,-1.79,0.57,1.5,1.71,-1.34,0.01,-0.33,1.14
199310,8.12,3.73,4.91,5.93,7.53,5.94,1.86,5.05,7.46,3.9,3.16,6.28,7.88,4.26,4.3,4.06,6.54,2.09,2.3,3.4,2.57,0.36,1.08,2.65,0.46,-0.66,0.74,0.7,2.43,-0.15,0.41,3.84
199311,-5.28,-3.03,-1.57,-1.66,-1.07,-2.35,-1.89,-2.12,-1.72,-2.02,-2.18,-1.39,-0.03,-1.42,-2.02,-2.1,-2.17,0.25,-0.87,-2.15,-2.26,-1.79,-2.6,-2.09,-1.29,-2.47,-2.11,-3.82,-0.39,-2.9,-3.46,-1.69
199312,0.41,2.44,3.66,1.79,-0.37,2.3,3.18,3.08,1.67,1.08,2.4,0.63,1.71,1.61,3,3.74,3.86,6.58,1.75,2.51,4.16,4.69,5.1,3.38,4.1,3.99,3.1,2.38,4.02,1.9,3.04,3.6
199401,5.54,2.04,2.57,3.22,8.29,5,2.67,4.49,6.54,5.41,3.38,4.61,7.91,6.56,5.78,4.66,3.11,3.27,3.01,2.2,4.11,2.87,2.09,4.29,2.48,2.69,0.5,1.38,5.29,3.04,2.87,7.69
199402,-3.3,-3.67,0.33,-0.68,-1.81,-1.62,0.91,0.18,-0.34,-0.45,-0.39,-0.23,1.7,-0.45,1.36,0.25,-5.03,-1.86,-0.27,-1.46,-0.34,0.2,-0.12,0.25,-2.56,-1.67,-1.25,-3.33,-2.42,-2.23,-3.13,-0.72
199403,-7.76,-4.73,-5.57,-5.03,-6.27,-3.56,-4.87,-4.36,-1.58,-3.01,-2.52,-2.89,-0.43,-3.15,-3.83,-3.43,-8.17,-5.04,-4.36,-5.05,-2.47,-4.64,-4.19,-4.84,-5.01,-4.66,-4.3,-4.72,-3.61,-2.38,-3.57,-3.67
199404,-5.63,0.1,-0.74,-1.73,-2.72,-0.51,-0.05,0.1,0.11,-0.56,-0.4,0.54,0.33,1.38,2.39,0.02,-1.95,-1.31,-2.43,-1.03,1.46,0.65,1.03,1.02,-0.5,2.62,1.26,0.77,-0.37,2.81,2.23,-0.05
199405,-0.88,-0.94,-0.17,-2.7,-1.17,-1.21,-0.92,0.1,0.21,0.55,1.11,0.91,0.62,2.13,0.4,-1.1,-0.13,-3.72,-0.34,0.93,-0.21,0.35,0.65,-0.41,0.54,0.09,-1.75,-1.99,1.02,-0.23,-1.35,0.83
199406,-8.84,-6.85,-4.81,-3.84,-6.94,-3.97,-1.55,-2.81,-3.27,-1.76,-0.3,-0.74,-2.32,-0.26,-0.84,7.15,-4.24,-5.09,-5.05,-3.86,-4.96,-1.87,-1.95,-3.15,0.54,-1.72,-2.6,-3.66,-2.97,-3.24,-1.84,-4.46
199407,-1.1,-0.74,1.83,2.69,-2.02,2.08,0.52,1.11,1.69,1.08,1.68,0.67,2.33,2.08,0.7,3.33,4.61,1.62,2.85,2.33,3.06,1.57,2.71,3.34,3.46,3.6,3.06,2.33,3.42,3.08,4.36,6.37
199408,3.46,3.47,5.59,3.92,3.95,4.95,4.34,4.6,3.6,1.75,2.47,5.41,1.81,2.95,4.32,2.92,9.51,11.2,8.6,7.4,7.12,5.2,4.62,4.08,4.97,4.34,3.07,5.5,5.23,3.77,3.14,3.53
199409,2.36,2.53,3.6,0.72,0.52,2.26,1.88,2.7,3.75,1.79,1.41,1.65,4.76,1.21,0.13,-0.18,0.47,0.85,0.81,-0.26,-2,-0.58,-2.26,-2.05,0.23,-1.79,-2.05,-3.33,-1.16,-2.35,-4.63,-1.9
199410,-3.99,0.36,1.8,1.13,-2.12,1.23,0.2,0.52,-1.16,-0.33,0.04,-1.45,1.63,-0.96,-0.19,-0.46,-0.75,0.88,1.77,2.14,-1.43,2.54,1.41,0.31,-0.03,0.36,0.78,1.72,-1.67,-0.61,0.82,0.06
199411,-4.72,-6.34,-2.93,-4.16,-7.47,-4.38,-2.77,-4.66,-5.11,-3.62,-3.85,-2.91,-3.86,-4.17,-3.04,-3.75,-7.2,-3.3,-3.89,-4.09,-4.52,-4.58,-5.35,-4.06,-6.07,-3.75,-2.14,-3.21,-4.46,-4.9,-4.69,-3.81
199412,-4.6,-1.36,-0.87,-0.71,-2.52,0.27,0.18,0.5,-1.25,-0.18,-0.08,-1.81,-1.62,-0.91,-1.17,1.5,0.58,2.82,1.74,2.34,0.5,0.76,1.56,1.19,2.05,2.44,0.26,1.09,2.82,0.33,1.98,5.29
199501,2.42,0.83,1.4,1.66,3.56,2.22,0.4,2.04,5.02,1.63,2.49,2.14,4.12,2.41,1.82,2.83,-4.3,-5.95,1.38,0.5,-0.6,-1.22,-0.54,0.98,-0.63,-0.27,2.24,1.08,0.89,2.47,5.37,1.02
199502,3.35,4.23,3.34,2.22,2.8,2.6,3.32,4.2,3.32,2.22,2.45,2.41,5.3,3.8,3.94,-0.01,3.21,5.24,5.33,4.25,3.29,5.6,5.67,5.51,3.29,3.83,2.82,3.78,4.81,5.14,4.81,4.8
199503,7.77,4.67,2.26,1.46,7.85,3.37,1.52,1.19,2.34,2.59,1.47,1.28,0.05,2.66,0.4,1.73,5.56,3.54,2.23,3.33,6.68,3.88,2,3.34,3.3,2.17,2.16,1.18,2.09,1.51,-0.09,3.98
199504,4.04,1.41,1.68,1.95,4.62,3.24,3.8,2.87,3.36,3.14,3.43,2.21,7.5,4.15,3.88,1.68,-0.55,-1.38,-0.49,1,2.56,1.51,2.13,1.74,2.19,2.94,2.25,2.28,3.4,2.52,2.9,5.24
199505,4.67,0.75,-0.99,2.52,1.49,3.12,1.97,1.62,5.14,2.27,2.12,1.96,2.06,1.97,3.25,3.69,0.12,-1.45,3.53,3.2,0.53,1.94,1.87,2.04,1.34,2.18,4.27,2.28,2.82,4.26,5.42,3.17
199506,9.2,7.26,6.73,5.75,10.22,5.26,4.8,4.44,7.19,3.34,3.68,3.66,4.71,3.97,3.7,0.21,10.18,4.94,5.19,4.18,2.3,3.11,2.57,2.91,2.18,2.47,1.18,0.9,2.31,2.17,1.33,4.48
199507,6.15,6.39,7.24,7.86,4.9,3.53,4.87,4.14,5.56,4.08,4.36,3.65,6.68,4.8,3.98,3.48,9.58,10.75,7.43,5.21,21.02,5.64,3.01,3.77,5.27,3.82,2.9,5.98,4.24,3.81,4.38,3.58
199508,6.83,5,-0.69,1.76,8.3,1.91,2.74,2.49,8.26,3.78,2.68,3.88,5.72,3.77,2.43,1.61,3.26,0.72,-1.11,1.13,2.57,-0.51,0.98,0.01,0.74,1.29,1.59,1.57,2.63,2.75,2.52,-0.29
199509,4.95,0.99,2.17,2.46,4.47,2.39,1.01,1.04,3.96,2.89,1.69,-0.29,3.81,5.12,2.74,0.29,3.38,4.16,2.04,3.06,0.89,2.13,2.11,1.22,1.48,2,2.1,2.08,0.77,2.61,4.31,5.46
199510,-7.48,-5.34,-6.17,-4.53,-8.28,-6.45,-4.97,-4.63,-8.32,-3.77,-3.24,-3.1,-5.02,-2.94,-2.92,-4.16,0.16,0.71,-3.31,-1.49,-6.04,-3.82,-2.39,-1.47,-2.58,-2.16,-2.59,-0.77,-2.7,-1.47,-1.95,-4.96
199511,-0.37,5.39,2.01,1.51,1.95,1.86,2.23,2.09,4,2.42,1.81,0.29,-1.8,2.04,1.64,1.19,8.92,5.92,3.35,5.85,5.46,4.12,4.84,4.53,3.44,3.88,4.88,5.31,4.63,4.75,2.62,2.61
199512,3.93,1.8,0.3,0.92,5,1.08,1.95,1.5,3.37,2,1.46,1.01,-0.24,1.56,1.85,-0.63,4.06,-2.56,-3.83,0.62,0.85,0.18,0.81,0.76,2.45,2.46,1.54,-0.86,1.44,2.87,0.85,-2.26
199601,9.62,0.65,-0.43,0.14,9.22,2.23,1.5,0.48,13.31,1.94,1.61,1.26,6.59,1.82,1.98,5.82,3.72,-3.22,-1.62,2.69,0.59,3.2,2.03,2.26,1.08,1.55,2.32,1.73,1.72,1.35,3.2,1.03
199602,8.43,1.71,4.46,4.7,5.82,4.26,3.03,3.21,5.28,2.46,2.1,4.55,9.86,2.9,2.35,2.79,4.22,6.94,4.62,3.91,1.99,3.84,3.76,2.38,0.44,1.33,1.5,1.7,1.43,1.68,1.37,0.79
199603,3.38,2.19,0.99,3.53,4.25,2.3,2.57,4.44,6.62,3.14,4.04,5.56,4.19,2.61,2.39,5.61,-1.13,4.99,0.28,1.96,2.35,2.07,2.4,2.18,2.72,2.85,1.32,2.74,1.74,2.71,0.1,3.07
199604,9.88,11.59,10.69,7.12,9.96,5.42,6.31,6.16,9.33,4.52,4.16,4.64,5.92,5.99,5.89,5.58,5.05,8.97,6.67,3.56,20.09,3.46,4.19,3.18,5.03,2.28,2.65,1.97,1.49,0.99,-0.8,4.62
199605,9.94,9.15,8.09,5.62,7.95,7.93,5.45,4.6,10.87,7.09,4.77,5.43,8.83,4.9,4.79,4.47,1.4,4.08,2.56,1.77,3.8,1.03,2.25,1.41,0.76,0.78,1.25,0.91,0.69,1.96,2.64,5.01
199606,-8.77,-9.09,-7.36,-4.56,-8.06,-4.72,-3.52,-1.95,-6.84,-1.96,-1.72,-2.09,-4.39,-0.37,-1.23,-0.63,-13.79,-6.28,-6.38,-1.83,-4.64,-2.14,-1.61,-1.53,-2.78,-0.76,0.78,0.38,-1.28,0.46,1.98,-1.08
199607,-15.52,-15.2,-11.6,-10.16,-9.99,-7.91,-6.9,-6.89,-12.47,-4.41,-4.07,-5.5,-6.37,-4.89,-5.26,-4.51,-16.15,-7.74,-9.13,-7.86,-9.57,-7.08,-5.6,-4.92,-5.14,-4.17,-5.09,-5.1,-4.94,-4.39,-4.54,-4.81
199608,7.45,7.23,6.11,5.98,6.22,5.55,4.8,4.27,9.68,4.28,4.64,5.43,3.7,3.43,6.27,3.59,8.09,7,6.66,4.83,8.24,6.76,3.58,4.42,6.25,5.03,5.93,5.16,5.34,4.48,3.94,5.2
199609,3.27,5.53,3.64,3.86,0.97,2.24,3.05,3.22,0.94,3.05,3.18,3.43,5.05,2.31,4.19,2.07,10.24,9.33,10.9,5.82,2.65,4.89,4.82,3.74,4.2,2.7,3.35,4.3,3.08,3.24,2.95,1.18
199610,-7.78,-5.87,-3.72,-1.6,-3.64,0.27,-0.16,1.12,-2.51,1.17,2.65,1.28,-0.73,1.11,1.31,1.82,-10.13,-3.04,-5.34,-1.68,-1.78,-0.39,-0.37,7.98,0.17,1.91,2.47,1.97,2.48,4.32,4.59,3.65
199611,-0.42,-0.56,1.49,2,2.19,0.15,4.32,4.47,-2.9,4.79,4.68,4.92,1.57,4.35,3.26,5.06,1.09,-1.77,6.85,5.39,2.87,5.95,6.64,5.86,6.42,7.34,5.02,5.74,6.38,7.65,5.64,6.33
199612,-1.68,-0.95,0.8,0.05,-1.18,-1,1.9,1.96,-4.23,1.54,2.01,1.31,1.25,0.96,1.86,1.36,-0.82,-0.69,-1.95,-0.34,-0.76,-1.27,-0.2,-2.6,-0.81,0.4,0.09,1.17,-0.18,0.41,-0.83,-0.86
199701,8.86,3.79,6.51,5.41,8.35,6.92,5.41,5.55,11.28,4.9,5.33,5.07,9.34,4.58,5.4,4.99,3.2,2.7,1.19,2.01,1.32,5.34,5.21,3.21,4.29,2.91,2.89,5.38,3.93,2.65,3.82,3.24
199702,-2.51,-5.62,-7.21,-3.83,-0.34,-2.42,-1.69,-0.91,-0.3,0.63,0.73,0.58,1.29,2.29,0.76,2.46,-8.02,-6.64,-5.8,-0.97,-1.59,-1.48,-1.07,0.53,-1.41,1.7,-0.1,-0.52,3.81,2.61,0.2,0.7
199703,-12.23,-10.92,-8.18,-6.02,-10.8,-4.5,-3.87,-2.73,-8.41,-2.39,-1.96,-3.08,-5.07,-1.63,-0.9,-2.75,-15.36,-7.18,-5.88,-5.06,-8.09,-4.14,-3.8,5.91,-2.79,-2.99,-3.42,-2.98,-3.22,-3.1,-4.87,-4.39
199704,-7.18,-7.62,-3.61,-2.96,-8.27,-3.03,-1.14,-1.16,-6.72,-1.22,-0.96,-0.77,-3.35,-2.23,-2.2,-2.51,-4.37,-5.55,2.72,2.64,-1.51,1.85,2.77,1.79,1.04,3.52,2.02,2.7,1.13,1.45,1.99,7.89
199705,9.84,15.79,16.86,13.42,10.77,12.42,11.19,9.86,7.32,8.23,8.33,9,5.04,7.87,9.33,10.08,23.06,20.59,14.4,10.68,11.47,10.3,9.59,9.62,10.59,6.66,6.45,7.09,7.7,6.51,6.63,9.72
199706,-2.35,1.2,4.2,3.58,-1.51,4.35,4.7,5.88,-1.79,4.83,5.7,4.92,3.94,6.44,6.29,5.13,1.18,2.7,3.69,4.16,1.02,1.99,4.19,4.62,4.65,3.97,3.02,2.98,5.37,3.69,3.2,2.19
199707,0.19,4.73,6.49,6.41,-0.51,4.63,6.37,5.85,3.4,5.28,4.84,5.59,4.45,4.68,5.83,4.44,6.45,7.79,8.23,6.37,7.8,8.32,7.6,6.99,5.91,8.91,6.49,8.45,6.69,7.86,5.41,6.87
199708,6.77,5.9,4.56,3.85,3.64,2.92,3.96,3.93,3.31,3.95,2.69,2.42,4.14,3.31,3.13,5.41,-0.38,-0.21,0.21,-2.92,2.49,-0.98,-1.61,-0.84,0.38,-0.7,0.74,-0.19,-1.29,-1.51,-2,0.94
199709,12.6,8.59,9.53,7.49,9.66,7.18,9.92,8.47,8.61,8.1,9.01,8.71,10.44,8.77,10.28,7.75,9.29,2.29,5.55,4.14,9.36,7.05,5.85,4.92,6.87,8.56,4.8,6.14,6.76,5.79,4.4,8.39
199710,-7.01,-5.34,-5.92,-2.74,-3.62,-4.3,-2.28,-2.48,-3.54,-2.33,-0.45,-0.45,-1.26,-1.17,-1.05,0.76,-7.75,-5.39,-5.63,-4.18,-6.58,-3.89,-3.43,-3.9,-6.04,-2.58,-3.28,-4.76,-4.71,-2.16,-0.14,-2.06
199711,-9.72,-5.91,-2.82,-2.79,-9.15,-5.05,-1.95,-2.35,-10.55,-3.2,-0.14,-2.03,-4.88,-0.37,-1.33,-2.03,-2.83,-2.2,-0.74,1.62,-5.07,-1.59,-0.01,2.11,-1.51,2.73,2.35,-0.36,0.62,1.96,4.07,3.69
199712,-5.9,-3.72,-1.06,-1.69,-5.1,-4.91,-1.04,-0.88,-4.49,-0.77,2.14,0.92,-6.19,-0.36,0.33,-2.33,0.23,2.37,-2.49,1.22,1.02,1.33,2.43,1.04,1.28,4.07,2.06,2.36,2.65,4.38,4.73,6.35
199801,1.56,-0.95,0.74,-0.99,-1.21,1.77,-0.67,-1.31,0.95,0.35,-0.8,-0.54,5.1,-0.74,-0.44,1.43,1.56,-7.06,-1.25,2.05,-2.21,-1.3,-2.35,-0.53,-1.19,-2.52,-2.52,-0.44,0,-0.9,-2.4,0.41
199802,6.91,8.42,7.06,6.33,6.55,6.76,6.32,7.05,7.9,5.82,5.71,6.44,6.96,4.86,6.92,6.91,8.13,7.88,11.01,8.91,10.47,7.28,8.46,8.84,8.77,7.65,7.54,6.44,7.73,7.14,5.66,7
199803,4.72,5.97,2.88,4.37,6.1,5.87,3.43,5.1,4.44,4.09,4.3,4.68,6.43,5.12,5.08,7.9,7.77,6.73,4.29,4.55,5.67,3.07,4.27,3.67,4.76,4.77,4.7,6.73,5.48,6.17,5.56,6.97
199804,3.71,3.46,4.46,1.58,3.93,2.68,1.26,3.14,4.36,3.28,2.42,3.67,2.81,2.28,3.46,4.69,2.01,0.93,2.47,0.53,1.43,1.42,0.55,0.41,2.44,0.4,0.17,-0.2,0.61,-0.22,-0.35,0.94
199805,-5.6,-7.19,-6.74,-6.61,-3.62,-5.84,-5.14,-4.58,-5.65,-2.12,-2.29,-3.21,-2.28,-1.66,-3.68,-2.67,-6.45,-9.56,-4.96,-4.02,-8.5,-4.47,-3.34,-3.26,-6.2,-4.57,-3.05,-2.25,-2.87,-3.19,-2.81,-1.04
199806,-7.02,-0.43,-1.39,-1.49,-5.73,-3.21,-3.34,-2.82,-7.41,-4.09,-1.94,-2.08,-6.34,-3.37,-2.24,-3.27,3.87,0.66,-0.41,2.25,-3.76,-2.72,-0.64,-1.01,1.65,-1.59,-1.57,-0.76,-0.47,-1.12,0.61,2.85
199807,-7.5,-8.69,-7.15,-8.01,-7.48,-7.18,-5.29,-7.31,-8.94,-6.06,-6.87,-7.56,-4.28,-6.21,-5.58,-4.34,-8.74,-4.51,-4.51,-3.3,-8.56,-3.63,-3.66,-5.61,-4.96,-5.48,-7.43,-7.01,-5.94,-4.58,-8.45,-10.3
199808,-29.94,-25.42,-23.74,-20.39,-25.15,-20.94,-17.96,-18.11,-23.99,-18.02,-16.66,-17.51,-21.44,-17.07,-17.74,-17.19,-28.49,-20.3,-19.1,-17.07,-21.61,-19.9,-17.66,-17.29,-21.9,-20.4,-16.19,-15.26,-17.93,-12.45,-13.08,-14.77
199809,11.56,7.8,9.13,4,8.82,7.28,4.04,3.18,7.54,4.11,2.74,2.35,5.46,3.2,3.46,-0.51,23.99,6.02,8.7,5.57,7.92,5.16,4.63,2.67,8.68,7.59,8.05,7.36,6.04,6.41,7.17,9.02
199810,5.12,6.8,6.51,5.78,2.81,3.44,3.01,3.79,1.11,2.28,2.06,1.05,0.18,2.57,1.36,1.15,7.78,7.71,9.84,10.18,7.47,9.12,9.9,7.98,8.05,6.4,8.67,5.56,3.62,5.67,5.14,4.5
199811,12.84,9.74,8.29,6.33,11.74,5.48,5.46,3.82,12.37,4.03,4.58,4.71,6.22,5.39,8.64,5.22,18.85,4.78,9.42,6.9,3.43,4.35,3.36,4.01,1.91,4.16,4.28,4.47,4.17,2.63,0.48,3.12
199812,2.98,7.91,3.3,3.37,2.49,1.7,1.94,0.43,1.71,0.48,2.3,-0.39,1.11,0.96,-1.18,-0.54,17.7,11.63,9.98,6.34,4.33,7.14,4.07,3.9,5.14,3.63,1.9,1.01,3.18,3.74,1.47,7.34
199901,16.88,4.4,5.89,2.85,15.51,6.2,2.17,1.3,14.08,3.52,0.62,3.16,14.92,5.4,4.02,6.36,29.22,-1.36,3.22,1.36,3.09,-1.44,-3.35,-0.87,-0.34,-2.06,-2.56,-1.54,-1.19,-0.56,-3.36,1.94
199902,-7.11,-8.53,-5.49,-7.63,-4.26,-6.1,-4.81,-5.84,-1.85,-5.22,-5.36,-6.3,-0.81,-4.67,-3.63,-2.22,-6.94,-8.43,-4.74,-3.48,-4.72,-3.73,-2.43,-4.11,-5.03,-3.85,-4.08,-2.31,-2.95,-4.54,-3.1,-6.54
199903,0.6,-1.89,-1.79,-2.18,2.66,-1.38,-1.83,-1.74,-0.84,-1.67,-1.82,0.32,0.97,-1.5,-1.78,0.06,13.33,3.92,2.45,0.24,6.46,2.4,3.63,2.37,5.22,3.03,0.85,9.53,1.92,1.2,2.34,3
199904,10.16,6.87,10.07,9.77,8.56,5.97,9.14,10.63,11.05,8.56,8.7,12.37,13.49,9.02,10.91,9.46,11.23,-0.44,6.28,6.47,13.3,6.9,9.3,12.27,9.39,9.7,12.47,6.61,8.81,8.68,13.72,10.31
199905,3.88,7.54,3.33,5.62,6.18,4.91,3.31,3.13,3.76,3.98,2.47,4.17,4.93,4.18,3.15,4.06,-2.32,10.21,1.2,0.38,1,0.92,-0.7,0.17,2.19,1.12,1.55,-1.19,1.5,1.75,1.86,-2.98
199906,3.03,5.68,2.79,4.3,2.92,3.55,4.58,4.66,1.68,2.83,3.62,3.98,1.78,4.08,4.68,0.51,8.24,5.04,6.38,5.74,2.79,3.06,4.36,6.66,5.03,2.28,2.56,-2.08,3.73,2.49,0.81,-2.19
199907,0.85,-0.04,-2.15,1.14,3.2,-0.35,-0.14,0.95,2.4,0.23,0.23,0.04,1.36,3.23,0.48,0.83,-6.26,-3.09,-2.97,-2.37,-2.07,-2.39,-2.68,-2.5,-0.82,-3.73,-1.59,-3.68,-2.83,-2.35,0.05,-0.76
199908,-1.66,-4.18,-2.89,-3.96,0.28,-3.02,-2.61,-2.5,2.44,-1.55,-2.72,-1.55,-2.52,-1.19,-1.68,-2.17,5.25,3.68,-2.99,-2.38,-0.37,-2.8,-3.72,-7.53,-2.06,-3.84,-1.71,-5.68,-4.83,-1.93,-1.07,-3.29
199909,1.82,-0.02,2.12,-0.99,8.64,-0.34,-1.52,-2.16,4.39,-3.8,-2.25,-3.03,4.73,-1.45,-4.4,0.3,3.29,-1.38,1.4,-2.54,1.61,-1.68,-2.97,-3.3,-4.08,-4.86,-3.06,-6.6,-4.76,-2.84,-7,-4.76
199910,1.14,-1.78,-0.9,-1.45,0.05,-2.56,-1.55,-3.72,-3.38,-0.28,-2.36,-3.27,-4.12,-1.39,-4.32,-6.03,11.12,8.27,11.98,5.04,7.38,4.02,2.95,0.27,7.1,4.8,1.44,-1.8,3.25,2.7,2.09,4.01
199911,22.04,13.97,7.98,6.69,18.89,8.09,3.79,3.31,9.02,3.03,1.23,2.5,8.89,4.13,2.21,3.03,17.63,6.97,4.51,5.04,11.54,1.77,3.82,2.92,4.52,-0.96,-2.61,-3.17,0.02,-2.25,-1.3,-0.89
199912,23.42,19.42,10.34,8.28,24.85,5.27,1.99,2.78,18.72,4.02,1.87,4.12,9.42,5.78,3.8,6.41,29.65,16.68,9.13,5.82,15.95,6.73,3.57,3.21,10.74,-1.34,1.65,6.48,6.55,2.79,4.43,6.06
200001,25.18,5.35,0.98,-1.12,22.83,3.6,-1.07,-0.51,20.68,2.24,0.76,-0.41,17.88,4.85,4.53,4.84,3.45,6.66,-1.6,-4.96,4.89,-4.68,-5.68,-8.54,-5.06,-5.55,-5.27,-6.31,-4.17,-4.87,-2.42,-11.15
200002,47.03,22.8,13.4,6.47,37.91,9.56,4.16,2.75,36.74,5.29,2.76,4.9,33.07,8.54,2.9,4.42,24.23,20.83,4.88,1.3,13.75,3.46,-5.87,-5.13,-0.04,-7.25,-6.66,-4.49,-5.48,-2.47,-5.74,-6.93
200003,-10.63,-3.61,-0.04,1.56,-0.44,0.21,0.78,3.11,-4.81,0.33,2.02,1.58,0.82,-0.62,3.19,4.58,-8.18,-1.24,11.72,10.28,0.27,9.69,16.04,17.48,10.32,12.33,16.02,15.22,10.75,12.95,14.76,10.72
200004,-21.84,-14.22,-7.7,-4.46,-19.8,-7.54,-1.96,-1.47,-17.27,-2.51,-0.57,-1.87,-14.09,-4.09,-2.84,-4.22,-14.48,-11.92,3.37,-1.82,-6.3,-0.17,-2.06,-1.8,-1,-2.47,1.8,2.81,-0.03,0.63,7.78,-3
200005,-13.09,-8.53,-4.78,-3.87,-13.5,-5.88,-1.5,-2.5,-9.98,-1.79,-1.53,-2.17,-9.13,-2.99,-0.45,1.6,-13.36,-1.5,-3,1.22,-5.81,-0.1,0.69,0.61,-0.09,4.37,-0.07,0.26,2.76,4.35,-0.25,1.84
200006,21.75,11.97,7.94,5.44,17.49,8.91,4.89,2.88,14.58,4.83,3.5,2.8,7.4,4.95,2.56,1.08,16.4,14.7,5.87,3.77,5.32,0.57,-3.21,-5.52,1.35,-3.7,-4.47,-6.68,-0.81,-4.6,-7.16,-0.22
200007,-8.93,-8.59,-6.61,-1.81,-4.81,-4.36,0.98,1.88,-6,-0.02,0.71,2.27,-1.43,0.65,-0.07,1.32,-11.33,-0.15,-8.13,-2.08,-8.22,-5.36,-0.94,-0.04,-6.71,0.73,2.26,0.02,-0.56,5.52,2.83,3.25
200008,10.6,8.29,12.61,7.47,4.51,6.7,4.28,5.01,9.16,5.92,4.93,5.08,2.81,5.54,3.59,5.74,16.08,21.83,14.94,7.12,19.1,11.79,10.56,4.78,15.43,6.68,7.11,6.16,3.74,7.43,9.7,4.63
200009,-11.51,-11.76,-4.07,-3.62,-7.35,-3.31,-0.01,-1.65,-5.19,0.54,0.99,-0.65,-2.11,-1.55,0.26,-0.65,-12.48,-6.54,-11.1,-1.77,-11.64,-3.44,-2.45,-3.13,-14,-0.46,1.47,-1.18,-1.67,0.38,5.37,0.29
200010,-15.21,-11.4,-7.31,-2.56,-12.83,-5.31,-2.44,-3.43,-8.97,-4.16,-2.69,-4.17,-7.32,-4.72,-5.33,-6.38,-17.46,-17.56,-1.79,4.25,-7.99,-8.93,1.41,4.19,-0.04,-0.79,3.31,2.74,1.5,0.84,-1.27,3.44
200011,-26.79,-24.28,-12.92,-10.02,-20.77,-13.18,-4.08,-3.82,-16.11,-5.48,-4.34,-3.43,-14.15,-5.78,-3.73,-4.88,-36.16,-32.51,-17.54,-7.59,-28.22,-18.09,-5.99,-4.69,-18.22,-4.07,1.33,0.02,-5.6,-0.04,-0.12,1.79
200012,-11.41,-6.99,-0.2,1.89,-7.14,0.48,5.79,6.36,-7.06,1.85,5.4,6.29,-1.25,0.44,2.91,2.11,-6.8,3.56,-0.49,2.7,2.91,3.88,6.41,4.7,11.32,10.89,8.31,7.14,9.36,10.11,13.11,8.02
200101,45.79,44.55,20.72,19.35,44.94,26.89,10.42,10.16,26.22,14.58,10.93,11.47,25.62,19.58,16.72,13.58,20.42,15.53,17.95,6.92,24.77,17.52,5.93,6.47,23.54,3.22,-0.31,5.01,5.23,2.09,-1.68,-3.38
200102,-20.32,-21.71,-12.61,-5.87,-16.42,-7.05,-2.17,-1.15,-7.1,-1.87,0.83,0.16,-2.74,0.11,0.63,0.3,-31.5,-34.63,-22.47,-9.32,-23.11,-16.99,-7.43,-2.93,-19.27,-0.41,-0.54,0.27,-0.77,1.43,1.87,0.97
200103,-17.17,-13.84,-8.47,-4.6,-11.99,-7.15,-1.25,-2.32,-9.2,-1.33,-0.69,-1.73,-3.55,-2.43,-2.26,-0.97,-26.07,-29.05,-15.19,-9.97,-17.52,-7.58,-6.85,-7.1,-9.46,-2.56,-3.68,-3.68,-8.4,-3.05,-0.51,-2.91
200104,12.69,17.28,10.86,8.72,11.54,9.86,6.75,5.65,3.38,5.49,4.55,6.46,5.36,4.35,4.61,8.02,26.01,37.11,28.05,11.15,23.5,15.45,10.1,5.69,21.45,6.76,6.39,8,9.06,6.88,5.21,4.96
200105,9.46,5.01,6.66,4.42,7.88,7.07,5.41,5.77,11.63,7.17,7.23,9.15,10.37,9.17,8.73,8.5,3,-5.38,-1.28,0.21,-0.71,-0.74,5.13,4.75,-2.9,1.61,3.7,3.07,3.46,3.03,2.7,3.69
200106,-0.59,1.63,5.12,3.58,1.4,2.1,3.51,2.26,-0.78,3.49,3.62,3.06,-0.47,0.74,2.55,0.98,-1.05,4.03,3.4,-1.25,0.93,-1.58,-0.95,-0.84,-7.08,-4.07,0.33,-0.7,-4.96,-1.71,-1.33,-0.74
200107,-12.44,-8.93,-3.98,-2.46,-10.05,-6.73,-0.41,-1.51,-10.06,-1.67,1.27,1.21,-7.69,-1.27,1.6,0.01,-16.67,-8.45,0.21,0.01,-13.15,-4,1.36,1.78,-6.19,0.77,0.68,0.9,-3.51,2.21,0.4,-1.33
200108,-10.19,-10.73,-5.75,-3.07,-10.89,-3.76,-0.91,-2.21,-6.55,-0.97,-0.59,-2.42,-5.49,-0.77,0.06,-1.5,-12.69,-13.15,-7.99,-3.28,-13.53,-9.11,-3.68,-1.84,-7.54,-2.38,-2.22,-3.42,-7.08,-1.06,-2.57,-3.31
200109,-19.64,-18.35,-14.57,-13.55,-19.45,-15.82,-8.05,-11.51,-15.6,-10.84,-8.33,-13.65,-12.7,-11,-11.11,-13.47,-22.51,-20.99,-13.42,-10.27,-23.1,-14.95,-8.75,-11.99,-14.06,-7.35,-11.91,-10.66,-12.18,-9.17,-12.25,-17.82
200110,16.76,16.38,11.89,7.73,11.17,11.58,3.87,6.45,13.98,6.2,2.83,3.79,11.53,3.81,3.58,2.5,28.82,22.58,5.4,2.83,20.73,12.91,3.71,3.23,5.59,-1.44,4.3,6.86,1.29,-2.26,2.35,5.26
200111,11.43,15.93,8.14,8.22,16.1,8.57,4.38,6.03,13.91,7.35,5.52,5.77,10.12,6.3,6.41,3.38,14.79,18.37,10.69,9.48,16.98,9.41,6.78,9.47,8.24,7.57,7.61,4.94,10.29,8.3,9.47,10.16
200112,9.51,9.97,7.33,6.47,9.78,7.39,5.95,7.4,9.67,5.87,4.85,7.1,6.94,5.09,6.44,5.27,3.55,2.54,4.62,3.93,2.13,4.37,2.53,4.32,3.3,3.28,3.89,7.16,3.44,3.19,7.15,4.24
200201,-3.3,-2.71,-3.1,-0.65,3.48,1.05,1.85,2.95,7.14,5.75,4.12,4.73,10.67,9.53,5.58,11.01,-13.04,-5.15,0.88,1.02,-8.24,-2.21,0.88,-0.35,-6.42,0.17,1.84,-0.53,-3.57,-0.3,2.53,4.57
200202,-10.6,-12.05,-5.19,2.61,-10.38,-5.26,0.61,0.43,-8.37,-1.34,1.61,0.8,-5.28,1.47,1.32,0.95,-13.61,-16.34,-4.3,-0.88,-12.53,-2.22,0.3,1.53,-3.92,2.18,0.48,5.7,-3.06,2.11,-2,3.61
200203,5.14,11.33,10.99,9.6,8.09,8.92,6.78,8.45,10.22,8.58,7.92,10.38,8.96,9.48,10.06,12.38,10.98,8.87,6.89,5.22,6.05,8.91,7.51,5.52,9.55,5.15,9.42,6.16,5.16,7.09,5.33,7.21
200204,-9.96,-7.38,-1.3,0.78,-8.62,-1.47,3.41,4.8,-3.75,3.77,5.89,6.24,0.36,3.99,8.5,7.52,-16.86,-12.37,-3.95,-3.98,-10.71,-3.71,-1.6,-1.16,-3.87,1.24,-0.43,0.33,-6.18,0.02,-0.82,-4.88
200205,-8.55,-8.84,-5.28,-1.96,-2.09,-2.01,-0.96,-1.33,-1.62,0.71,1.8,1.5,4.56,4.22,2.82,2.42,-10.68,-5.8,-1.83,-1.14,-6.74,-1.19,0.29,0.47,-4.38,-0.08,0.36,0.22,-1,-1.64,-0.05,-1.01
200206,-12.24,-12.66,-8.87,-5.83,-12.8,-9.78,-2.48,-4.14,-9.05,-4,-1.29,-1.33,-11.46,-5.25,-1.83,-3.5,-17.26,-23.11,-9.37,-9.85,-11.92,-9.26,-6.39,-6.61,-14.32,-6.12,-5.03,-3.53,-12.64,-5.56,-6.74,-5.44
200207,-15.53,-16.23,-14.7,-12.51,-20.54,-16.8,-9.92,-11.85,-14.26,-12.01,-9.46,-12.44,-13.5,-10.8,-11.56,-12.98,-4.82,-8.84,-10.12,-8.21,-10.47,-11.41,-8.08,-11.66,-9.42,-8.15,-9.97,-7.72,-12.16,-11.98,-10.35,-15.39
200208,0.13,1.6,2.12,1.17,-3.04,-1.69,0.51,0.27,2.38,1.48,0.6,0.48,1.41,0.25,-1.04,3.05,-4.44,-3.32,-1.14,1.34,-1.99,0.86,1.23,1.21,-0.28,1.45,0.38,3.38,2.17,5.1,3.98,1.2
200209,-11.44,-10.16,-8.5,-6.13,-15.3,-12.71,-5.43,-5.52,-9.65,-7.05,-4.5,-5.85,-13,-6.66,-6.55,-7.6,-12.94,-12.14,-8.99,-9.07,-13.99,-7.62,-8.49,-7.25,-10.24,-9.07,-10.43,-8.39,-13.56,-10.09,-9.58,-10.27
200210,10.69,8.37,7.41,4.42,10.83,8.83,2.84,3.07,2.84,2.33,2.36,-0.65,4.79,0.1,0.61,1.95,22.26,19.26,9.69,6.5,11.78,3.67,3.02,3.72,9.55,5.54,1.71,-0.97,7.01,2.09,1.83,-3.93
200211,20.74,21.75,14.42,8.04,30.58,18.16,6.55,5.3,21.69,11.64,5.08,6.27,12.8,7.28,5.44,8.71,19.79,11.75,8.26,7.75,12.88,8.45,4.79,7.43,14.43,6.53,5.78,4.82,14.31,6,6.45,14.11
200212,-10.76,-8.61,-3.62,-3.22,-9.13,-5.9,-1.3,-0.61,-1.79,-1.35,-0.75,0.73,2.39,1.43,0.31,1.89,-13.66,-8.31,-6.48,-3.66,-10.15,-5.31,-3.25,-2.6,-7.57,-2.38,-3.35,-0.07,-5.89,0.58,1.88,-0.05
200301,2,1.23,0.42,-2.54,3.44,-0.14,-0.57,-1.61,4.2,1.76,0.86,0.25,8,4.64,2.72,2.3,5.81,-0.62,-3.22,-2.3,-1.59,-1.77,-2.51,-2.52,-0.54,-1.88,-2.81,-2.4,-0.99,-3.34,-2.38,-1.19
200302,-3.99,-3.89,-3.28,-2.55,-2.61,-1.76,-2.32,-1.19,-1.72,-1.94,-1.81,0.02,-0.26,-1.16,-1.66,-0.76,0.05,-1.83,0.53,-2.16,-0.53,-2.53,-0.61,-4.65,-3.3,-0.83,-1.06,-0.58,-4.43,-2.65,-1.55,-1.54
200303,2.15,-0.75,2.23,1.89,-1.05,-0.49,0.08,-0.56,1.32,-0.64,0.56,-1.84,-0.8,-0.86,-1.89,-0.72,5.62,-0.42,0.37,1.42,-0.03,0.31,1.51,-0.03,0.3,-0.61,1.46,0.24,0.57,-0.91,-1.11,1.18
200304,14.69,12.18,10.4,8.36,17.65,11.17,7.72,6.96,9.18,8.93,7.39,7.75,7.32,8.49,6.19,7.76,9.18,4.17,9.98,8.48,11.24,10.23,7.1,7.6,11.75,7.69,12.72,6.53,13.46,10.4,6.93,8.32
200305,29.18,20.97,14.4,8.97,24.37,15.2,7.9,11.19,21.95,9.87,7.02,10.98,21.38,10.39,12.7,9.91,20.27,11.83,8.01,7.82,17.06,9.76,7.59,7.61,10.09,8.4,9.81,7.94,9.89,7.57,10.54,13.39
200306,9.44,3.7,3.68,6.09,10.7,5.1,2.84,3.29,6.19,4.25,2.64,6.04,11.05,5,6.26,7.95,1.5,2.92,1.38,2.43,2.74,2.08,0.7,0.82,1.23,1.32,0.38,2.45,1.79,1.35,2.52,4.66
200307,8.48,8.64,7.86,5.36,8.76,7.01,5.47,3.84,10.94,6.58,5.78,5.27,10.97,5.91,5.64,5.18,6.78,4.58,4.33,2.98,4.79,1.18,3.05,1.09,1.52,2.6,1.55,-1.37,3.2,4.24,1.1,1.16
200308,8.87,8.34,5.29,3.91,9.92,5.7,4.06,3.45,10.74,4.84,4.82,4.43,8.65,7.6,4.95,5.96,7.71,5.94,4.55,2.56,6.13,4.29,3.9,2.84,7.63,2.41,1.4,5.07,6.44,3.82,4.17,6.55
200309,10.21,-1.44,-2.6,0.99,9.43,0.57,-0.24,0.21,10.42,1.14,1.13,2.46,10.97,5.6,3.36,2.75,-4.02,-3.85,-2.07,-0.29,-3.89,-2.13,-1.51,-0.96,-1.01,-0.47,-1.38,0.73,-1.86,0,2.22,0.09
200310,10.33,10.36,7.04,8.01,8.47,7.78,6.87,8.61,13.72,8.54,7.91,9.37,14.56,9.1,6.67,8.86,8.09,6.65,7.52,5.1,8.53,8.6,7.03,5.64,6.68,7.22,6.59,2,9.39,7.69,8.59,9.8
200311,4.96,4.35,3.35,4.73,1.18,5.94,4.73,4.09,5.81,3.76,5,2.88,7.06,6.57,3.73,7.35,3.96,-0.45,2.5,2.16,1.86,2.98,2.03,3.08,3.57,3.07,3.11,2.07,2.43,3.51,4.56,1.69
200312,2.18,0.9,2.65,2.82,2.74,3.14,3.15,4.79,1.86,3.41,3.83,5.61,4.89,6.31,8.8,10.72,0.19,3.46,0.6,2.73,3.44,4.02,4.12,6.49,2.94,3.6,3.81,5.39,7.23,6.46,4.1,6.21
200401,11.83,4.12,2.62,2.74,12.05,4.57,2.64,2.97,14.73,6.15,3.71,3.46,15.13,7.64,6.19,8.66,0.84,1.76,0.91,2.3,3.88,0.18,2.2,0.22,5.11,1.17,1.62,1.04,5.21,0.77,0.47,0.82
200402,-0.82,0.89,0.7,3.05,-0.04,0.38,2.54,2.49,0.46,0.81,2.58,2.03,1.08,2.43,1.47,4.12,1.36,3.27,2.03,2.79,-0.73,1.12,1.58,2.86,1.49,3.11,3.09,6.23,1.63,4.17,3.86,2.78
200403,-0.32,-1.43,1.29,2.02,-0.51,-0.85,0.58,1.4,-1.03,0.78,1.32,2.55,-0.07,1.2,1.87,3.16,-1.6,-2.61,-0.05,0.62,-3.26,0.26,0.8,0.25,-3.18,0.13,0.89,0.28,-1.32,0.24,1.13,1.18
200404,-8.73,-4.01,-4.04,-1.97,-4.64,-3.87,-2.85,-2.05,-8.47,-3.79,-3.33,-3.09,-7.22,-3.46,-1.69,0.74,-3.36,-1.43,-0.75,-0.45,-7.74,-3.48,-1.36,-1.37,-7.44,-3.7,-3.66,-3.25,-4.67,-3.51,-5.2,-3.67
200405,-2.44,2.71,1.19,0.05,-1.4,1.55,0.23,0.21,-2.19,0.3,0.07,0.73,0.07,-0.23,1.59,3.89,4.47,-2.08,2.24,0.81,3.4,1.72,1.76,-0.52,2.27,2.64,2.15,0.21,3.09,2.59,2.18,0.16
200406,-0.49,1.93,4.22,3.37,1.07,4.05,4.18,4.87,1.35,3.08,4.53,3.88,1.07,5.1,3.75,7.78,0.84,1.46,2.19,1.31,2.36,2.24,3.09,2.87,3.18,1.56,2.51,4.08,2.34,4.72,2.16,6.06
200407,-11.62,-11.66,-11.66,-5.19,-9.91,-9.59,-2.61,-1.49,-10.78,-4.96,-3.66,-1.77,-5.16,-2.32,-1.45,-0.47,-14.11,-11.25,-6.8,-4.17,-7.91,-5.17,-3.53,-4.49,-4.63,-2.69,-0.93,-0.69,-4.91,-2.68,-0.76,1.3
200408,-2.08,-3.69,-2.19,-0.76,-2.25,-2.88,0.74,-1.58,-0.85,-0.11,0.41,-0.54,-2.06,-0.52,-0.59,-0.86,-5.51,-1.47,-0.81,-0.56,-4.96,-2.33,0.84,-0.68,-0.43,1.58,1.96,0.01,-1.07,1.5,0.55,1.88
200409,6.26,9.09,9.02,5.91,5.35,5.44,4.58,7.11,7.56,4.98,4,6.27,6.17,4.93,3.87,3.48,5.83,2.99,3.36,3.78,5.96,3.53,2.45,3.51,6.43,3.22,3.08,4.49,3.02,3.78,3.24,8.25
200410,0.96,3.89,2.83,2.87,2.86,3.96,2.71,2.62,2.11,2.64,1.97,3.22,0.22,2.81,3,1.14,4.1,6.59,3.61,0.69,6.49,2.92,2.38,2.45,3.66,3.52,1.82,1.82,2.02,2.14,1.95,0.64
200411,7.99,7.19,10.73,10.17,8.71,7.96,9.31,9.01,7.48,7.88,8.1,8.34,9.59,7.59,9.01,11.51,5.43,3.31,4.46,5.99,6.64,4.31,5.38,7.72,8.3,6.63,5.33,5.68,7.48,6.5,6.75,6.12
200412,7.58,5.72,5.81,3.68,6.68,6,2.77,3.02,8.46,4.66,2.37,3.71,9.7,5.48,4.18,6,6.18,2.57,5.38,4.98,5.68,4.82,3.28,2.8,2.2,3.21,6.06,1.86,4.12,3.67,2.22,2.67
200501,-6.75,-5.3,-4.99,-3.22,-6.05,-5.48,-3.18,0.62,-7.59,-3.36,-2.63,-0.73,-4.05,-1.25,-0.93,-0.65,-8.81,-3.39,-3.5,-1.11,-6.53,-3.44,-1.64,-2.47,-5.21,-2.16,-1.13,-0.02,-2.87,-0.99,-1.2,-1.75
200502,2.82,0.71,1.27,1.85,0.79,1.73,1.65,3.44,0.01,2.04,1.22,4.19,3.2,2.79,4.49,2.76,0.1,2.55,1.35,2.49,1.62,1.45,1.91,3.58,4.52,2.33,2.41,5.9,1.92,3.31,3.21,6
200503,-8.21,-4.49,-2.05,-2.37,-6.11,-2.79,-0.91,-1.04,-6.03,-2.7,-0.9,-0.66,0.2,-1.87,-0.43,-1.84,-3.31,-2.27,-2.56,-0.86,-4.78,-1.75,0.86,0.29,-2.67,0.73,-0.11,-0.99,-0.85,-0.3,-1.32,-2.59
200504,-7.64,-6.16,-6.4,-5.72,-9.54,-8.32,-5.56,-5.35,-9.79,-6.22,-4.68,-7.29,-8,-5.1,-4.16,-5.96,-6.2,-4.79,-3.4,-3.63,-4.49,-3.97,-3.11,-4.46,-4.88,-2.82,-2.46,-5.04,-4.6,-3.22,-2.03,-2.45
200505,7.04,8.47,6.02,6.04,6.08,4.47,5.37,4.69,2.75,3.66,3.54,4.26,3.4,3.5,4.13,2.96,9.19,8.32,5.03,4.43,7.07,4.76,3.57,5.35,4.87,2.45,4.92,5.04,5.38,5.03,5.21,6.27
200506,2.13,3.04,1.69,4.1,4.21,4.57,3.36,5.1,3.6,3.69,3.41,4.13,3.47,4.59,4.91,6.17,-0.2,1.14,0.92,0.72,1.14,0.93,1.49,2.08,2.39,2.8,3.35,5.98,2.21,3.13,4.69,5.69
200507,9.64,7.38,5.45,6.42,7.52,6.87,6.61,6.96,7.97,6.62,6.1,8.02,7.56,5.52,5.23,4.36,6.89,5.43,5.1,4.36,6.74,7.93,4.77,5.14,5.13,3.56,3.77,7.05,3.83,4.65,4.76,8.5
200508,-0.27,0.82,-2.09,-1.85,-0.07,-0.58,-1.25,2.24,-0.71,0.93,-0.36,-0.4,1.52,0.87,0.45,2.15,1.15,-1.4,-2.05,-1.62,0.54,0.5,-1.61,0.07,0.66,0.46,-1.8,0.61,-1.15,0.19,1.79,3.36
200509,3.47,1.49,1.79,0.34,3.89,1,0.44,2.03,7.45,1.66,1.01,2.48,3.43,0.35,0.24,0.19,3.43,0.37,0.18,0.05,2.75,0.53,0.2,1.64,2.19,1.18,1.46,3.75,0.24,1.98,3.06,1.82
200510,-5.6,-4.08,-4.55,-3.75,-5.48,-2.77,-2.17,-2.97,-5.22,-4.36,-3.41,-3.54,-5.55,-3.54,-3.09,-4.71,-1.82,-2.23,0.24,-2.04,-3.67,-3.47,-2.85,-3.91,-1.94,-2.02,-2.83,-4.93,-3.61,-3.27,-7.65,-8.03
200511,2.84,5.25,7.51,5.02,1.49,3.61,4.29,5.69,5.4,4.99,2.63,3.47,4.38,3.12,2.72,4.68,6.45,3.45,4.11,5.63,5.73,5.55,5,4.23,4.43,4.16,4.03,4.71,4.92,3.84,4.24,0.22
200512,3.03,0.6,1.83,1.32,4.9,1.35,-0.37,1.7,4.01,0.35,0.72,2.34,4.05,1.81,0.79,3.55,3.14,0.19,0.48,0.38,1.2,0.69,0.5,2.35,2.11,1.34,2.19,2.64,0.73,1.19,0.76,3.81
200601,14.61,13.01,7.53,7.13,16.83,10.12,6.83,8.45,15.39,7.37,6.95,10.49,13.58,5.95,6.24,4.83,10.37,5.07,4.35,3.37,6.07,5.64,2.21,4.33,4.62,4.51,3.43,9.62,3.07,4.18,2.93,12.25
200602,0.43,-1.17,-1.32,-0.62,4.98,0.33,-0.1,-0.29,1.69,0.25,1.11,-1.52,0.9,0.66,2.51,1.17,-0.98,-0.6,1.3,0.58,-0.27,-0.58,1.67,-3.1,-0.25,0.83,0.87,-2.8,-0.48,1.22,-1.89,-6.42
200603,3.9,4.44,4.79,3.97,6.4,4.05,3.83,4.19,5.55,4.03,3.23,3.46,5.86,2.71,4.39,3.3,5.06,2.54,3.1,2.17,3.46,2.56,2.65,2.28,2.43,1.17,0.97,1.8,1.5,0.25,1.04,5.03
200604,-0.7,0.22,1.12,2.6,1.4,1.01,1.33,2.95,3.7,1.5,0.84,3.44,3.14,2.57,4.32,4.23,0.79,-0.75,-0.47,0.48,0.03,1.62,1.13,2.15,2.19,0.42,1.84,2.75,2.14,3.26,3.64,7.4
200605,-10.24,-7.12,-6.08,-4.68,-7.41,-5.04,-3.1,-3.77,-6.99,-3.04,-2.87,-2.95,-5.4,-2.79,-1.51,0.46,-9.88,-6.65,-4.93,-3.42,-5.33,-2.49,-3.25,-4.08,-1.65,-2.61,-0.99,-3.93,-2.74,-0.96,-2.33,-3.94
200606,-4.13,-2.73,-1.03,-1.09,-4.83,-1.53,0.56,-0.58,-4.09,-0.71,-0.51,-0.53,-2.21,-1.63,0.41,-0.18,0.24,-2.1,0.35,-1,-1.4,-2.2,-1.83,1.35,-2.16,-1.44,-1.25,1.12,-0.49,0.3,0.54,1.2
200607,-6.1,-3.97,-4.35,-2.48,-5.3,-3.32,-1.52,-0.89,-5.85,-2.23,-0.85,-0.57,-5.08,-1.09,-1.65,-1.31,-7.45,-4.34,-3.26,-2.96,-2.47,-1.26,-3.47,-0.44,-3.38,-2.01,-1.49,-0.82,-1.33,-0.18,-1.01,-2.49
200608,4,5.06,3.82,2.65,3.43,2.74,1.53,2.04,2.86,2.28,1.41,1.69,3.55,2.39,1.61,-0.13,3.7,2.14,1.52,2.32,5.5,4.25,2.69,1.18,4.9,2.99,2.09,0.62,3.14,3.15,0.95,-2.18
200609,-3.39,-0.96,0.97,0.11,-3.18,0.22,-0.08,-0.82,-3.84,0.68,1.27,-0.58,-0.6,0.03,0.77,1.87,0.34,1.54,0.66,2.81,-2.66,1.41,2.17,0.05,0.24,1.75,2.04,-1.47,2.18,1.01,1.22,1.42
200610,5.95,5.05,4.21,6.82,8.54,4.67,5.09,5.37,5.2,3.27,3.99,6.18,3.05,3.03,4.23,5.25,6.7,4.56,4.5,3.96,6.35,2.34,2.59,5.6,2.66,3.9,3.44,5.89,3.51,3.66,4.28,4.25
200611,2.34,2.9,0.84,1.24,4.66,2.83,1.82,0.22,2.88,1.11,1.05,2.41,3.87,0.84,0.01,0.94,5.28,4.26,2.11,2.73,6.13,2.42,3.17,2.83,4.4,1.89,2.26,5.9,2.85,2.05,4.2,5.77
200612,0.29,0.4,0.83,0.85,1.21,1.21,0.77,0.95,2.34,0.68,1.66,2.52,2.25,2.24,3.52,2.36,-1.17,-3.82,-1.32,-0.14,-0.25,0.74,1.15,-0.21,0.43,0.99,-0.01,-2.47,1.77,1.55,0.77,1.01
200701,3.82,0.67,0.25,1.44,4.62,1.55,1.36,0.47,2.82,1.41,0.86,1.61,5.41,3.52,2.94,3.52,3.3,2.08,3.59,3.75,2.67,2.15,2.53,4.11,2.29,1.4,1.95,4.52,1.04,1.67,1.31,4.64
200702,1.89,-0.22,-1.22,-0.05,-1.41,1.37,0.21,-0.23,2.73,0.03,0.28,0.99,2.9,1.53,1.64,2.08,0.25,-0.91,-0.54,-0.18,0.04,-0.09,0.54,0.64,0.02,0.4,0.51,-0.3,1.2,0.58,-1.33,-1.92
200703,0.08,-2.26,0.97,1.32,0.3,1.54,1.06,0.87,2.44,-0.07,0.39,1.51,-2.06,1.12,0.36,-0.08,0.29,-0.66,2.68,1.22,-1.33,1.44,0.86,1.65,1.78,1.53,2.03,2.14,1.65,1.21,-0.87,2.95
200704,5.03,2.69,2.16,3.88,5.02,2.79,1.7,3.03,4.95,2.26,1.04,4.5,4.67,2.93,4.35,4.94,4.36,4.72,3.93,4.48,4.77,3.31,4.06,5.45,4.18,3.66,5.82,6.09,3.1,4.09,3.5,5.43
200705,-0.51,3.62,4.43,4.51,-2.24,2.78,4.67,4.43,2.67,3.03,3.18,4.25,1.81,1.89,3.26,2.38,3.14,4.26,7.16,5.17,2.6,4.98,5.15,5.51,3.92,5.61,5.34,6.21,3.73,4.9,2.74,4.96
200706,-3.3,4.19,1.31,-0.24,-0.99,-0.63,0.53,-0.91,-0.6,-0.19,-1.17,-0.13,0.26,-0.44,0.13,1.14,-2.99,-1.03,-1.23,-1.35,-1.37,-0.04,-1.31,-0.56,-0.43,-0.11,-1.43,-3.36,-1.44,-2.28,-4.67,-2.56
200707,-4.35,-3.31,-4.41,-4.83,-2.76,-2.86,-4.49,-5.56,-1.67,-4.9,-5.61,-4.33,-3.07,-4.6,-4.21,-4.41,-1.01,0.71,-0.9,-2.61,-2.74,-2.36,-3.53,-2.31,-3.29,-2.69,-3.8,-3.38,-5.15,-5.8,-8.42,-3.09
200708,-4.46,-2.34,0.18,-0.4,-7.94,-0.89,2.15,-0.77,-8.13,-1.39,-0.22,-2.54,-5.57,-4.02,-3.81,-4.01,-0.74,1.37,1.54,-0.15,1.75,2.32,1.12,-0.85,0.8,0.14,-0.19,-2,-0.91,-1.35,-2.06,-1.8
200709,4.74,6.75,4.04,2.37,6.41,3.6,2.29,1.45,4.04,1.68,0.87,1.66,3.45,1.73,2.8,0.49,6.17,6.48,5.28,4.05,6.79,5.25,3.38,3.55,3.18,2.73,2.07,8.57,3.33,2.49,1.29,3.97
200710,5.3,5.83,8.55,3.29,2.42,2.28,1.11,0.7,2.19,2.17,0.1,1.05,0.96,-0.31,1.14,4.56,4.37,9.57,5.28,2.41,9.47,4.02,1.93,2.2,4.72,4.18,2.7,5.5,-0.64,2.56,-0.27,6.75
200711,-13.6,-13.33,-8,-7.6,-14.75,-9.2,-6.44,-8.51,-11.95,-9.14,-7.73,-12.25,-14.08,-9.35,-10.35,-11.33,-7.67,-3.19,-2.81,-4.63,-10.22,-5.74,-4.37,-6.48,-8.65,-5.71,-6.08,-7.93,-5.89,-6.8,-7.27,-9.61
200712,-1.71,0.75,-1,0.29,0.18,0.62,-0.58,0.14,-2.71,-0.09,-0.81,-0.73,-4.4,-1.41,0.6,0.37,-3.9,0.02,1.17,-1.89,-1.74,1.38,0.17,-0.31,-2.17,-2.67,-0.85,3.26,-2.64,-0.99,0.31,3.39
200801,-7.86,-7.01,-11.66,-7.31,-7.18,-8.08,-4.29,-4.86,-6.45,-6.55,-2.94,-3.54,-3.11,-3.57,-3.78,-2.45,-10.97,-8.52,-8.96,-5.32,-7.75,-8.48,-4.04,-6.19,-6.4,-3.88,-3.24,-6.62,-4.31,-1.17,-0.87,-4.44
200802,2.46,-6.77,-4.52,-1.87,0.61,-2.07,-3.44,-1.4,3.21,-2.23,-1.29,2.19,0.61,-0.23,1.28,1.33,-3.6,-1.24,-2.03,-1.99,0.27,0.7,-2.42,2.77,-1.46,-3.94,-1.87,9.01,-5.03,-3.67,-2.19,2.21
200803,-8.17,-5.62,-1.55,-2.01,-9.22,-1.97,0.68,-0.24,-9.76,-2.67,-0.6,-0.61,-7.81,-2.69,-3.18,-1.85,-8,-0.78,-1,-2.96,-2.19,0.54,-2.63,-1.6,-3.55,-3.07,-3.67,-1.43,-3.13,-2.96,-2.34,-4.41
200804,0.16,3.89,3.91,3.17,0.22,6.23,2.11,3.34,2.75,0.03,0.45,5.11,1,1.8,1.62,2.98,10.21,8.33,4.18,5.71,5.89,5.5,5.84,4.76,4.92,5.64,7.5,9.95,4.9,4.99,4.84,4.85
200805,7.02,7.34,4.68,6.16,6.48,4.35,3.02,2.68,7.64,2.42,4.11,4.74,7.53,2.41,2.34,2.15,6.25,3.71,6.32,3.01,6.58,4.85,2.74,5.09,3.54,1.66,4.9,8.13,3.14,2.73,1.91,8.35
200806,-7.22,-5.82,-8.09,-9.27,-7.93,-8,-9.43,-8.69,-6.61,-10.41,-8.41,-6.27,-6.1,-8.49,-8.01,-7.48,-7.78,-10.15,-7.27,-8.63,-8.72,-6.85,-8.73,-8.33,-10.71,-10.83,-8.97,0.43,-14.26,-10.69,-8.79,-9.13
200807,-1.91,-4.08,0.37,1.05,-4.16,-1.13,1.6,1.52,-1.09,-0.04,3.53,1.83,-5.34,-3.45,0.49,-3.05,1.07,-4.09,-2.64,-2.06,-4.01,-1.34,-0.91,-3.51,-4.55,-0.56,-1.6,-8.72,-1.7,0.61,-3.27,-12.48
200808,-5.24,0.72,1.71,3.77,-7.33,1.61,2.86,2.97,-5.41,0.67,3.4,1.72,0.75,2.29,2.5,5.79,-6.05,-1.78,1.12,1.05,1.48,1.12,2.24,1.07,-0.31,2.54,1.35,2.18,1.15,2.54,1.25,0.99
200809,-19.19,-13.02,-12.11,-11.8,-20.73,-13.16,-10.02,-9,-18.73,-9.63,-5.35,-10.44,-18.06,-9.87,-8.87,-14.17,-18.04,-16.81,-11.68,-12.58,-16.13,-14.54,-13.19,-14.05,-14.72,-10.43,-12.83,-15.26,-12.19,-7.07,-8.37,-18.12
200810,-32.07,-25.63,-24.74,-23.65,-30.35,-24.82,-21.08,-22.58,-30.1,-22.16,-16.68,-24.93,-25.4,-24.63,-25.31,-27.57,-32.55,-15.25,-19.75,-21.79,-25.42,-21.59,-20.58,-22.26,-23.6,-23.72,-21.21,-21.74,-24.49,-18.27,-23.78,-31.8
200811,-16.44,-13.19,-13.34,-12.85,-17.86,-16.6,-11.86,-14.73,-20.23,-16.72,-10.79,-16.15,-20.51,-16.75,-16.62,-20.96,-13.86,-8.16,-8.98,-11.79,-7.97,-11.68,-9.02,-7.45,-9.21,-7.43,-9.86,-5.8,-13.33,-6.72,-4.61,-16.35
200812,10.74,5.66,10.77,5.18,15.21,5.13,6.59,7.79,5.71,3.58,2.84,1.68,-2.31,1.49,3.48,1.83,4.04,2.71,1.16,2.5,6.67,2.53,4.68,3.74,0.79,4.29,2.04,1.23,6.38,3.46,7.01,14.66
200901,8.66,-2.75,-3.03,-5.76,19.76,0.73,-5.26,-6.46,10.2,1.44,-9.57,-7.93,13.4,-1.4,-10.56,-6.19,-1.83,-7.27,-3.67,-4.26,3.26,-4.96,-4.68,-5.29,-5.47,-8.06,-7.76,-5.58,-10.62,-8.54,-9.69,-12.2
200902,-10.56,-6.65,-8.95,-10.14,-8.86,-10,-9.18,-11.66,-7.15,-9.96,-15.14,-15.32,-12.24,-12.06,-16.41,-19.69,-7.13,-0.19,-9.72,-7.25,-6.93,-9.73,-9.85,-9.85,-10.99,-12.58,-10.48,-11.76,-13.44,-14.7,-18.88,-20.76
200903,18.95,11.84,9.72,12.6,10.87,11.93,10.38,11,11.28,12.12,8.57,14.7,8.51,12.62,12.16,20.51,9.19,9.23,9.84,11,12.36,7.97,8.96,9.48,12.87,11.17,8.33,7.27,14.74,9.93,7.87,10.28
200904,19.91,20.94,21.46,22.6,18.41,24.2,20.37,25.16,23.42,19.38,18.32,25.74,23.53,21.38,25.9,31.74,16.83,14.09,16.03,18.02,17.81,19.44,16.94,22.06,18.87,20.26,19.06,19.36,24.14,19.71,23.4,37.57
200905,18.7,10.19,7.51,9.47,28.19,12.92,7.42,10.44,21.42,13.84,7.8,15.63,25.64,9.65,15.03,22.3,15.32,10.02,8.41,7.83,8.87,8.48,7.16,9.86,10.54,6.01,8.32,9.71,9.82,7.24,12.32,9.26
200906,5.06,5.38,7.2,2.25,3.28,4.21,0.98,-1.27,-0.02,1.28,0.13,2.33,5.95,-0.26,-0.76,5.47,-4.67,-0.42,-0.58,0.56,-1.27,0.32,-0.68,-1.64,-0.25,0.86,-1.61,-5.51,0.02,0.48,-3.9,-5.42
200907,7.65,4.74,6.18,8.82,11.26,7.39,10.28,10.51,7.61,9.01,9.97,15.45,7.63,10.86,11.17,18.35,7.29,9.79,5.31,7.54,7.03,7.17,8.51,11.48,8.66,8.05,12.79,10.62,10.96,12.22,8.61,16.92
200908,4.83,-1.09,0.4,3.39,10.7,2.53,1.59,4.92,5.91,3.45,5.27,7.17,15.22,9.38,9.96,14.45,4,0.45,1.57,2.38,0.82,0.58,4.42,2.93,1.17,2.61,3.56,3.77,11.53,4.43,2.6,4.82
200909,11.65,6.23,4.83,7.12,12.69,3.63,5.04,8.48,11.48,6.1,6.43,12.8,12.59,9.44,12.45,17.31,6.52,8.56,4.75,5.23,8.93,4.64,4.4,6.25,3.82,6.72,8.06,10.31,4.89,9,10.79,8.43
200910,-9.11,-6.69,-4.66,-4.25,-5.07,-5.61,-4.78,-3.31,-8.5,-4.46,-4.66,-5.58,-7.47,-3.64,-2.32,-4.19,-10.48,-2.41,-1.66,-1.83,-6.36,-3.29,-2.48,-2.05,-4.9,-3.46,-3.41,-3.72,-6.21,-5.62,-3.48,-5.87
200911,2.08,3.2,0.87,1.99,3.37,1.23,1.82,3.73,6.27,2.25,3.49,4.54,8.19,1.73,1.87,2.71,8.07,7.13,5.84,4.69,4.35,3.75,5.89,6.89,3.7,5.67,4.56,4.92,6.72,6.8,4.21,10.85
200912,4.86,9.74,7.23,8.29,7.09,6.04,7.13,7.43,6.71,5.61,7.06,9.06,8.02,5.97,7.99,10.26,7.03,3.84,4.74,3.59,6.41,5.4,4.78,5.74,5.02,6.29,4.53,7.13,3.55,5.43,3.66,12.45
201001,-2.87,-3.51,-2.57,-3,-3.38,-0.67,-2.73,-1.37,2,0.91,-1.49,-0.53,5.2,2.72,4.15,1.64,-1.34,-1.62,-3.01,-3.95,-4.27,-4.24,-4.49,-4.87,-2.8,-3.26,-3.02,-5.66,-0.57,-5.55,-2.26,-4.51
201002,1.67,4.71,3.7,3.66,3.73,3.69,3.56,3.67,3.7,4.11,4.74,5.69,2.96,5.47,5.04,6.36,5.68,4.85,2.65,3.56,4.66,4.85,4.53,6.57,3.11,4.23,5.46,6.95,4.42,4.98,4.92,8.07
201003,5.13,6.14,6.01,7.47,12.44,7.81,5.95,8.29,12.49,6.49,8.51,7.01,10.26,9.16,10.26,10.73,5,8.9,6.98,6.53,3.1,6.34,6.13,6.65,6.61,7.7,7.68,9.32,8.33,7.8,3.85,2.97
201004,9.09,1.68,3.7,4.94,6.97,5.97,4.07,6.55,9.12,7.25,7.35,8.88,11.48,14.63,10.55,13.16,6.51,1.52,2.54,2.48,7.37,2.46,1.04,3.27,1.79,1.87,3.84,0.58,4.52,4.23,0.86,4.46
201005,-9.52,-6.95,-6.03,-5.59,-10.89,-6.71,-7.11,-7.51,-9.87,-6.86,-7.54,-9.57,-12.69,-8.46,-10.81,-8.42,-9.42,-4.6,-6.6,-7.04,-8.55,-5.37,-5.64,-8.38,-6.82,-6.15,-8,-8.98,-7.35,-9.4,-9.36,-10.17
201006,-8.65,-4.88,-4.02,-5.77,-8.97,-6.4,-6,-6.16,-10.36,-5.21,-7.09,-7.24,-10.73,-9.67,-7.93,-11.45,-5.91,-2.9,-2.6,-5.56,-3.08,-4.22,-5.58,-6.36,-4.89,-4.11,-5,-9.12,-7.82,-8.66,-6.33,-11
201007,7.46,5.08,4.79,5.6,7.12,6.79,5.67,6.65,7.77,7.25,6.84,5.95,5.73,5.08,7.1,5.9,7.72,10.04,6.56,6.27,5.23,5.87,5.99,8.9,7.52,8.37,7,8.17,6.95,7.09,8.39,5.96
201008,-4.09,-3.08,-4.93,-6.78,-8.14,-4.06,-6.06,-5.37,-7.76,-5.94,-7.32,-4.47,-7.46,-5.63,-4.84,-7.38,-3.49,-0.31,-5.87,-3.67,-3.84,-2.14,-4.23,-3.85,-6.75,-3.96,-3.58,-4.95,-6.3,-3.51,-4.41,-4.32
201009,13.38,15.19,14.27,11.35,18.02,14.67,12.23,10.59,15.53,12.23,9.83,10.89,7.02,11.61,7.69,11.1,12.84,9.42,13.52,11.04,13.63,11.47,11.16,10.69,10.55,11.15,9.06,9.77,10.29,8.89,10.65,9.06
201010,4.46,5.81,6.11,4.43,7.49,7.61,5.47,4.85,3.62,5.68,3.33,4.31,5.75,4.11,6.5,5.35,4.3,3.46,4.25,3.37,4.56,4.38,4.15,4.09,4.33,4.32,3.69,4.96,2.24,3.74,3.48,1.31
201011,1.97,5.29,4.13,3.25,7.44,6.59,4.02,2.56,2.31,4.45,2.93,4.21,-1.64,4.83,2.25,3.35,2.02,2.64,0.73,2.19,6.43,2.84,2.79,2.26,2.83,1.39,0.89,-0.22,0.3,0.82,0.63,-1.06
201012,12.4,11.78,7.85,7.16,13.6,10.22,8.32,7.05,8.54,10.35,8.08,6.2,11.52,10.71,9.58,7.22,6.37,5.39,8.37,5.82,7.09,6.14,6.93,6.07,8.8,7.76,6.46,6.35,11.77,6.94,5.37,5.01
201101,-1.1,-2.68,-0.77,-0.63,2.04,2.08,0.14,-0.9,5.76,1.34,0.64,2.43,5.32,3.98,4.88,3.76,3.83,1.37,3.52,0.77,1.54,2.97,2.2,2.15,2.44,1.45,3.45,1.91,1.27,1.4,3.08,4.41
201102,3.25,7.14,9.07,4.56,7.32,4.95,4.9,5.11,11.2,4.83,4.84,4.5,3.95,5.46,6.56,6.53,0.55,5.3,3.7,4.85,5.94,3.29,4.68,3.61,5.92,4.5,4.56,3.16,4.52,4.04,3.7,-0.96
201103,-0.17,0.24,4.4,2.4,3.58,-0.96,1.82,2.16,1.28,0.11,0.93,1.1,-1.76,0.28,0.5,-1.87,0.37,1.97,2.09,2.13,-1.47,1.85,2.16,2.05,0.21,1.6,2.92,1.76,-0.1,0.64,2.18,1.59
201104,2.43,2.21,2.76,1.92,-0.34,0.74,2.33,1.96,-0.19,1.8,1.71,1.72,-0.6,1.93,1.08,-0.49,3.94,4.8,2.78,4.05,1.49,3.52,3.16,3.55,2.9,2.98,1.77,3.32,2.1,1.9,2.45,4.79
201105,-2.69,-4.38,0.07,-1.03,-4.47,-1.85,-2.43,-1.95,-5.72,-2.61,-3.66,-1.62,-5.77,-3.01,-3.41,-2.95,-1.47,1.93,-1.85,0.53,-2.65,-1.72,-1.04,0.38,-1.95,-2.01,-0.94,-0.59,-2.33,-0.62,0.05,2.19
201106,-7.51,-4.95,-1.99,-2.29,-5.38,-1.46,-2.21,-2.04,-4.12,-2.97,-2.3,-2.03,-5.54,-2.84,-2.27,-3.36,-4.13,-1.38,-1.06,-1.14,-5.28,-2.08,-0.37,-1.49,-3.95,-2.28,-2.43,-1.55,-3.47,-1.48,-1.39,-1.8
201107,-0.68,-4.56,-5.74,-1.7,-1.31,-1.22,-2.74,-0.98,-1.75,-1.04,-1.28,-2.75,-2.01,-0.71,-1.21,0.92,-3.46,-5.59,-3.01,-2.49,-6.09,-1.13,-2.49,-3.68,-2.42,-3.58,-1.7,-4.37,-3.82,-2.21,-4.99,-0.99
201108,-9.93,-8.67,-8.56,-8.49,-11.81,-9.88,-8.43,-8.81,-14.38,-9.61,-8.83,-7.13,-12.18,-9.39,-8.07,-11.57,-10.18,-7.75,-7.53,-4.51,-4.63,-6.3,-5.73,-8.46,-7.8,-7.06,-6.23,-8.85,-8.43,-7.18,-5.59,-9.98
201109,-16.35,-12.27,-12.97,-10.93,-17.59,-15.26,-11.94,-11.64,-14.83,-11.61,-10.8,-10.26,-13.67,-9.42,-8.51,-13.88,-8.31,-8.53,-11.08,-8.7,-10.77,-12.82,-9.54,-10.91,-14.44,-12.06,-11.2,-10.98,-10.58,-11.43,-8.55,-11.22
201110,11.9,14.89,18.77,13.53,13.11,15.18,13.98,14.23,11.81,13.47,13.49,12.06,6.4,7.73,8.18,10.8,13.47,14.3,14.72,12.16,14.27,17.2,13.77,15.1,18.88,16.4,12.28,17.11,13.83,13.97,11.35,10.3
201111,-7.02,-2.9,-3.42,-0.49,-9.39,-3.28,-1.72,-2.31,-4.73,-1.1,-0.6,0.74,-7.31,-3.08,-0.23,-0.19,-2.11,-0.15,-2.61,0.06,-3.44,-0.22,0.74,-0.86,-1.13,1.1,1.18,-1.59,-1.31,0.7,0.45,-0.75
201112,-4.67,-1.23,-0.81,-0.38,-2.83,-0.16,1.17,1.62,-1.4,0.69,1.51,0.78,-0.62,1.01,1.11,-0.73,-5.74,-1.32,-2.44,-1.39,-2.27,-2.4,-1.83,0.27,-1.19,0.75,-0.28,0.35,1.09,1.06,1.2,-2.88
201201,17.5,8.84,9.72,8.07,14.93,11.34,8.01,7.05,11.56,7.59,7.56,6.68,19.16,8.86,6.85,12.21,14.39,6.85,8.45,7.85,7.73,6.99,6.01,6.04,7.95,7.4,4.79,5.04,5.83,5.15,2.74,1.4
201202,5.06,2.58,2.1,2.61,5.03,4.11,3.05,2.44,6.09,5.05,2.4,3.96,5.55,3.22,5.89,8.63,3.33,4.75,5.67,3.89,6.31,5.15,4.03,4.01,3.44,4.06,4.44,5.31,5.98,4,5.17,14.52
201203,0.35,-0.84,-0.07,2.12,0.04,0.88,0.77,1.86,0.32,2.52,1.84,3.48,5.44,3.16,3.45,3.21,1.99,2.66,1.77,2.8,-2.34,-0.45,0.1,0.54,-0.45,0.91,0.12,-0.84,3.18,1.1,0.06,-3.23
201204,-5.09,-5.44,-2.75,-1.15,-5.84,-3.31,-0.86,-1.7,-1.88,-1.64,-1.65,-2.78,-2.56,0.08,0.8,-1.83,-3.18,-2.44,-0.67,-0.7,-3.1,-0.73,0.71,0.68,-1.59,0.6,-0.61,-0.88,-1.16,-0.47,-0.29,-3.7
201205,-11.88,-10.61,-9.65,-7.42,-9.65,-11.84,-8.25,-6.7,-9.8,-7.53,-6.89,-3.33,-9.21,-3.72,-4.43,-9.33,-10,-7.39,-9.35,-6.94,-14.4,-9.59,-8.1,-7.07,-10.53,-8.5,-7.81,-8.22,-7.31,-7.67,-4.4,-8.12
201206,4.11,2.6,2.82,4.16,-0.83,2.34,4.93,4.37,0.39,3.96,3.28,2.28,4.48,2.57,5.14,1.39,3.37,3.49,0.79,1.57,0.44,4.44,1.55,5.3,4.21,2.16,1.73,2.15,4.01,2.55,3.81,10.26
201207,0.45,-1.47,-2.31,-0.73,1.41,-1.73,-0.72,0.33,-0.99,-0.38,0.83,1.17,0.54,0.3,-0.39,-0.71,-5.2,-2.25,0.35,-0.25,-0.92,1.12,1.11,1.64,2.92,2.05,0.17,-0.45,-0.75,0.88,0.95,2.68
201208,2.57,6.64,4.5,3.13,3.52,2.3,3.45,3.85,8.14,2.9,2.22,3.12,3.4,3.39,4.01,1.54,5.15,4.6,3.82,3.47,3.44,4.5,1.67,1.53,4.98,3.51,2.55,6.31,4.81,2.78,5.51,4.69
201209,5.11,2.22,3.6,4.13,9.06,4.68,3.66,3.74,7.02,4.07,3.63,5.18,5,4.12,4.25,3,3.69,3.8,2.86,1.95,3.66,3.1,1.21,1.77,3.23,2.48,1.76,2.63,3.39,1.79,5.08,4.28
201210,-6.94,-4.51,-2.41,-2.81,-3.89,-3.09,-2.13,-1.34,-2.95,-1.91,-1.75,-2.09,-5.73,-0.55,1.04,1.73,-8.16,-10.4,-1.45,-0.17,-4,-1.21,0.22,-0.69,-0.55,-1.62,1.59,-2.09,1.89,-0.16,-0.03,-2.77
201211,-3.33,-1.44,-2.68,1.25,-4.71,-2.4,-0.1,1.02,-1.47,0.15,0.3,-0.71,-2.03,-0.2,-1.28,-2.56,3.17,1.79,2.47,1.35,3.4,3.9,1.83,0.95,0.83,1.85,-0.92,2.81,0.16,1.14,1.88,5.5
201212,-2.11,3.97,2.4,2.78,3.59,3.35,3.43,3.57,1.01,4.32,3.56,4.21,4.24,3.14,3.55,7.23,2.91,3.72,0.98,1.67,1.54,2.89,1.38,2.78,0.85,1.6,3.07,2.33,2.9,3.39,2.43,4.31
201301,5.68,4.73,7.02,4.65,12.29,5.82,4.87,6.2,5.43,5.44,5.2,6.72,11.51,9.73,7.04,11.62,6.01,7.92,6.7,6.23,6.08,5.43,6.26,6.02,3.61,6,5.02,7.29,7.14,7.17,7.22,12.51
201302,-4.2,-0.4,-0.61,-0.84,-3.76,-2.92,-0.32,0.53,-4.39,0.03,0.34,-0.84,-1.31,0.58,-0.44,-1.33,-0.56,-1.17,0.06,1.54,-3.59,1.94,2.09,1.66,0.97,0.11,-0.03,2.9,1.41,0.9,0.04,1.1
201303,1.67,3.46,5.62,4.43,1.54,1.46,3.32,4.15,-0.67,3.32,4.25,4.32,0.31,3.66,4.69,6.7,4.68,2.9,3.97,3.38,5.64,4.82,3.94,4.64,3.35,3.44,3.79,5.93,4.98,4.26,3.76,5.76
201304,-1.99,-2.97,-2.46,-0.9,-5.98,-2.68,-2.02,-0.88,-3.48,-1.62,-1.04,0.02,-3.34,-0.49,-1.34,-1.25,5.5,-3.31,0.76,2.24,-0.39,0.83,0.43,0.69,-2.62,0.5,1.63,-1.07,0.97,2.05,-0.25,1.64
201305,3.55,4.25,6.61,3.78,7.75,1.65,3.77,3.58,-0.65,2.3,3.52,3.78,1.39,3.98,5.34,6.38,5.73,1.02,1.01,2.74,4,2.75,3.34,4.06,1.7,2.03,1.56,1.85,3.47,1.71,3.73,7.88
201306,-6.02,-3.39,-0.15,-0.44,-6.96,-1.85,-0.38,-0.45,-4.19,-1.1,-0.29,-0.99,-1.22,0.49,-0.76,-1.15,-2.12,-2.55,-2.43,-1.17,-6.46,-1.14,-1.47,-1.4,-2.43,-1.68,-2.65,-3.41,-1.05,-0.52,-1.75,-6.76
201307,8.83,7.92,5.7,6.74,5.1,6.8,7.83,7.08,9.42,7.19,8.2,8.71,9.36,6.81,5.58,6.25,14.49,10.33,4.13,6.51,4.42,6.02,6.32,6.51,4.99,5.64,5.49,5.66,6.04,6.51,5.08,5.03
201308,-0.89,1.75,-0.69,-1.62,-0.88,-0.95,-1.28,-2.62,3.08,-1.98,-2.53,-2.57,-0.02,-0.74,-0.94,-1.54,2.73,-0.16,-2.6,-2.47,-3.46,-1.38,-2.59,-2.79,-1.49,-3.29,-2.45,-2.1,-3.46,-2.33,-0.84,-1.17
201309,5.13,6.52,6.41,6.41,3.76,4.16,5.74,5.16,4.03,4.52,4.88,4.72,3.89,4.34,4.94,7.12,10.61,3.19,5.22,5.04,5.5,5.32,5.24,5.12,4.58,3.74,6.16,3.92,3.59,4.37,2.66,4.84
201310,-4.42,3.27,1.96,3.64,-0.28,2.03,2.83,4.16,-1.79,2.75,3.47,4.54,4.57,2.31,2.07,5.13,-4.03,-0.07,3.18,3.69,1.63,2.82,4.26,4.92,1.87,4.59,4.53,3.29,5.35,3.81,4.68,7.88
201311,4.08,4.05,3.09,4.54,1.59,1.65,4.8,2.74,-1.23,3.14,4.35,3.17,-4.8,1.7,1.79,-0.1,8.06,0.08,3.41,2.11,5.29,2.26,1.63,2.57,0.88,0.81,0.91,3.52,2.93,1.06,-2.35,1.91
201312,3.15,0.74,3.42,1.98,6.45,2.68,2.44,2.2,1.97,1.29,1.18,2.55,2.69,2.41,3.23,5.28,5.94,6.94,3.26,2.28,1.52,2.74,3.43,4.07,4.56,3.52,1.6,2.97,2.63,2.35,4,-1.46
201401,11.12,2.54,-2,-3.91,7.05,0.45,-2.21,-3.92,11.45,-1.46,-3.58,-3.58,10.46,0.45,-1.29,-3.02,11.43,2.23,-1.37,-5.09,1.02,-2.28,-3.44,-4.74,-0.57,-1.13,-4.21,-3.46,-4.11,-3.81,-2.09,-7.84
201402,5.98,3.31,2.06,3.69,8.51,4.75,3.49,4.94,11.56,4.2,5.01,5.95,7.1,5.36,2.48,6.18,7.04,6.14,5.26,5.43,4.41,4.78,5.88,5.25,5.64,5.27,5.12,5.41,4.95,3.56,8.72,6.1
201403,-4.66,-3.02,-2.76,0.39,-2.96,1.09,0.3,1.83,0.67,-0.09,1.62,2.57,-2.11,2.34,1.62,4.7,-13.04,-4.07,-1.75,0.39,-0.55,-1.57,0.52,0.69,-2.42,1.67,1.72,3.9,2.7,2.91,1.78,4.15
201404,-7.16,-6.5,-4.81,-1.97,-6.06,-3.39,-1.82,-0.78,-7.37,-2.49,-1.68,1.01,-0.59,-1.5,-0.56,-0.24,-10.36,-4.3,-0.65,-1.02,-0.5,-1.32,-0.9,1.37,-0.6,0.32,1.45,0.8,-0.06,0.14,3.48,3.18
201405,-2.17,-2.71,0.75,-0.4,0.05,0.03,0.77,0.49,-1.5,-0.13,0.11,0.98,-1.65,-0.3,0.59,1.07,5.09,3.13,1.42,2.45,1.16,1.47,1.83,1.23,1.63,2.03,1.93,3.78,1.2,0.88,2.19,3.88
201406,8.46,6.02,7.08,4.53,7.96,5.94,4.78,3.86,5.31,4.91,5.06,4.22,4.26,4.3,2.93,5.82,11.88,7.84,2.78,2.1,4.88,4.3,3.39,2.42,5.23,3.35,3.8,2.53,4.58,3.38,5.99,6.56
201407,-8.32,-6.33,-6.33,-4.69,-8.1,-5.44,-5.71,-4.93,-5.88,-4.06,-5.18,-4.44,-1.78,-2.44,-3.29,-3.19,-5.33,-1.5,-1.46,-2.74,-6.3,-3.34,-2.76,-3.27,-2.92,-2.8,-3.34,-0.77,-3.1,-3.68,-3.67,-6.5
201408,2.02,6.83,3.78,4.39,3.74,4.85,4.03,3.42,0.65,4.8,3.68,4.9,0.22,1.48,2.58,1.62,10.65,6.8,5.67,4.85,2.99,5.49,3.33,4.5,3.72,4.09,4.48,3.6,3.81,4.01,4.54,8.59
201409,-7.38,-3.98,-3.41,-4.24,-5.55,-5.71,-5.34,-6.52,-7.5,-5.74,-5.39,-6.47,-13.91,-6.72,-6.18,-10.42,-2.02,-3.38,-3.46,-2.82,-3.43,-3.06,-2.52,-4.62,-4.8,-3.74,-4.67,-3.56,-4.45,-4.91,-5.44,-12.05
201410,0.91,2.49,6.05,6.05,-1.22,2.8,6,2.99,-7.42,2.78,4.69,0.24,-12.17,-2.38,-0.61,-5.46,2.42,1.62,3.06,3.56,-1.6,2.28,3.61,-0.79,2.34,3.05,1.07,-0.48,-1.54,1.86,-1.19,-4.92
201411,-1.53,0.92,-0.97,0.29,-2.34,0.49,-1.23,-1.13,-4.4,-1.72,-1.68,-3.66,0.53,-2.22,-1.3,-7.69,1.32,2.07,1.44,3.78,-1.47,1.3,2.31,1.12,1.54,2.36,0.42,3.39,0.47,-0.9,-3.31,-16.26
201412,1.46,1.8,1.98,1.47,4.81,3.98,2.95,1.61,-1.79,2.87,2.46,0.69,-5.54,-0.95,-2.26,-4.95,-1.69,1.36,-0.43,-0.41,1.48,-0.24,0.11,-0.31,-1.78,0.46,-0.68,-0.92,-0.35,0.53,1.38,-10.91
201501,-1.83,-7.94,-5.68,-4.35,-2.18,-6.81,-6.62,-5.98,-5.45,-5.84,-5.95,-4.7,-5.56,-4.77,-5.85,-6.03,0.35,-4.14,-2.65,-2.63,0.59,-3.36,-2.94,-5.15,-2.49,-4.07,-4.76,-3.29,-4.9,-2.42,-4.02,-18.52
201502,8.35,9.32,7.98,6.22,12.57,8.7,6.98,6.32,4.96,5.62,5.55,8.1,8.81,6.1,5.38,4.23,8.29,5.77,9.32,6.68,7.44,7.32,7.18,6,8.22,7.2,6.57,5.91,7.59,3.95,4.88,14.69
201503,-2.63,1.46,-0.13,1.69,-3.61,-1.4,1.8,0.09,-1.93,0.84,0.52,-0.22,-6,0.68,-2.62,-3.74,1.3,-1.61,-1.01,0.04,-1.98,0.04,-0.11,-1.41,0.25,0.05,-1.35,-3.04,-2.48,-1.19,-2.18,-4.26
201504,-0.88,-2.43,1.47,0.86,-0.12,0.07,0.1,0.86,6.51,0.88,2.48,3.21,9.97,3.98,4.92,8.04,-0.39,2.71,-0.01,0.35,4.51,0.39,-0.08,2.52,0.58,1.22,2.65,1.86,3.29,2.83,3.35,15.76
201505,3.75,2.73,1.01,0.41,3.38,0.92,0.71,-1.16,-0.38,-0.93,-0.28,-3.28,-0.17,-0.71,-0.75,-1.38,4.6,-1.17,0.56,0.17,6.5,2.8,0.25,-0.59,1.68,1.22,-0.03,-1.45,-0.48,-0.17,-2.91,13.24
201506,0.6,10.77,-1.44,1.22,-3.79,-1.5,1.36,0.07,-2.2,1.04,0.32,-2.34,-4.93,-0.03,-0.56,-1.98,-2.66,-0.25,-0.72,-1.49,-1.95,-1.37,-2.17,-2.3,-2.47,-2.09,-3.3,-3.53,-2.35,-3.42,-4.58,-10.16
201507,-4.04,-0.37,-1.4,-1.74,-6.55,-4.99,-4.36,-3.56,-10.89,-5.2,-2.35,-9.18,-12.14,-7.56,-8.28,-18.43,1.56,4.91,3.68,2.58,-1.85,2.53,0.46,0.87,-2.32,0.29,-0.88,-6.89,-3.27,-0.41,-4.31,-5.44
201508,-7.75,-5.8,-7.55,-6.5,-1.68,-5.22,-4.02,-4.55,-5.91,-3.02,-3.38,-4.72,0.35,-1.39,-1.79,-1.58,-10.88,-8.28,-7.34,-5.62,-8.2,-5.86,-5.76,-4.5,-4.94,-4.82,-4.74,-6.01,-4.98,-4.28,-2.27,-7.11
201509,-10.72,-4.88,-5.41,-5.54,-9.45,-6.23,-1.75,-4.83,-7.57,-3.05,-2.8,-4.62,-7.33,-3.47,-8.33,-17.05,-9.19,-7.82,-3.91,-2.51,-10.01,-3.44,-3.62,-3.87,-7.97,-3.85,-3.97,-9.59,-5.87,-2.96,-5.09,-9.08
201510,6.1,2.24,5.77,5.05,1.93,7.86,7.3,6.77,1.2,5.55,4.78,6.48,6.5,3.93,5.04,6.79,6.66,8.09,6.88,5.87,5.36,5.14,7.18,5.92,7.7,7.68,7.26,9.73,6.65,5.63,7.58,-11.8
201511,5.84,2.29,2.59,0.96,0.19,1.14,2.49,-0.49,-0.47,1.11,2.92,-1.34,-6.99,-0.66,-1.26,-7.2,-0.65,3.42,-1.62,-0.14,0.59,0.77,1.73,1.31,-0.96,-0.5,-1.05,-2.64,0.79,0.65,-2.05,-2.05
201512,-5.59,-1.25,-3.99,-5.11,-7.21,-4.01,-3.58,-5.45,-7.78,-4.72,-3.92,-5.19,-3.1,-4.17,-4.15,-13.88,2.41,-2.57,-0.66,-2.42,-5.62,-2.19,-3.09,-4.43,-4.16,-2.59,-3.15,-9.81,-5.04,-4.6,-8.19,-10.15
201601,-17.15,-14.06,-8.89,-7.09,-14.19,-8.33,-6.24,-6.55,-8.68,-6.9,-6.08,-9.3,-9.26,-5.91,-6.2,-11.74,-22.63,-10.73,-10.29,-4.85,-14.32,-6.4,-5.55,-4.24,-6.45,-4.92,-5.94,-8.11,-8.58,-4.44,-3.4,-34.07
201602,-2.16,0.23,4.09,1.89,2.95,-0.08,2.65,2.55,3.76,2.24,1.29,3.07,12.14,7.43,4.13,-0.08,-5.69,0.35,1,1.93,0.88,0.75,2.96,1.77,2.78,2.66,4.12,1.86,1.51,0.33,-2.32,-1.91
201603,10.36,7.33,6.06,7.27,12.45,7.23,8.39,9.77,11.58,8.22,6.74,9.47,17.1,10.4,10.88,26.57,5.48,4.99,7.31,5.97,5.59,7.43,8.16,7.52,9.96,7.5,8.36,13.7,10.41,10.5,14.46,2.34
201604,8.29,4.68,5.2,1.93,9.2,3.84,3.52,3.31,18.17,6.59,5.24,8.19,21.67,11.17,10.31,16.46,5.54,5.46,1.78,-0.52,3.08,-0.18,0.66,1.56,1.37,1.12,-0.02,10.76,6.07,4.4,7.38,25.55
201605,0.19,-1.7,1.94,0.42,-2.09,2.25,0.03,0.62,-3.43,-1.16,0.29,-1.96,1.17,-2.69,-3.4,-6.85,1.57,1.04,2.11,1.14,1.76,2.21,1.6,0.69,1.81,2.05,-0.02,-0.38,0.84,-0.07,-3.53,-2.35
201606,-2.55,0.31,-1.18,-0.64,-1.45,-1.32,0.3,0.49,1.99,2.42,-0.25,1.08,9.29,5.21,3.45,5.74,-3.79,-2.58,-0.83,0.24,-0.84,-2.01,-1.02,-0.44,1.2,-0.51,-1.7,-2.97,-2.47,0.07,1.21,-19.67
201607,5.01,5.47,6.89,5.44,8.69,2.94,4.86,5.97,2.87,3.63,4.87,5.71,4.35,6,3.11,4.27,10.61,3.21,5.25,4.06,3.66,3.83,3.29,6.34,2.67,3.8,4.9,6.66,4.24,1.68,1.62,8.13
201608,2.93,2.59,2.18,0.66,5.96,2.05,2.07,2.07,5.13,3.39,3.15,3.01,0.9,1.88,0.17,-0.46,-1.35,-0.48,0.08,0.91,1.78,0.47,0.43,-0.42,0.44,-0.3,0.9,1.5,1.1,0.44,-1.28,6.43
201609,8.44,4.34,1.07,0.13,8.39,2.49,1.18,1.17,5.11,1.34,2.09,1.57,1.52,3.4,2.59,5.65,4.26,2.52,-0.43,-1.25,4.41,0.91,-0.36,-0.05,1.82,0.13,0.28,3.1,1.25,-0.48,0.5,-1.49
201610,-9.57,-7.66,-5.05,-3.9,-13.68,-6.39,-3.43,-3.86,-6.34,-3.43,-1.57,-3.63,-4.73,-3.21,-3.16,-5.22,-5.88,-3.29,-6.21,-2.96,-4.49,-1.15,-3.03,-1.45,-3.27,-2.26,-1.81,-0.07,-1.29,-0.02,0.06,-4.23
201611,4.54,4.17,7.33,7.23,5.19,7.48,9.82,10.57,6.09,8.31,14.16,9.27,5.74,3.84,10.12,12.35,2.39,-0.33,1.17,4.29,0.92,3.11,4.81,6.33,5.31,4.87,7.16,8.68,9.28,4.83,2.97,19.21
201612,-2.22,1.18,0.3,3.3,-0.79,1.29,3.24,2.71,-2.79,3.91,7.26,5.4,5.95,5.11,5.77,1.66,-4.93,-0.66,0.54,0.82,-2.32,1.04,1.53,0.29,-0.98,0.92,2.05,1.85,1.54,2.48,4.89,-1.37
201701,5.94,6.41,1.32,-0.1,7,1.4,0.82,-0.37,7.4,2.87,-1.42,-0.25,5.49,8.44,1.12,6.79,11.24,3.24,1.93,2.59,3.22,3.44,3.05,4.18,2.39,2.26,2.49,0.1,3.13,1.22,2.06,-8.42
201702,5.22,3.21,1.87,1.66,7.21,-0.69,0.68,0.23,2.8,0.28,1.14,0.15,-2.74,0.3,-1.58,-1.29,5.12,3.58,4.36,3.04,-0.35,4.89,2.19,1.99,1.21,3.17,1.41,4.27,0.22,1.88,1.54,6.26
201703,2.91,0.63,1.09,1.6,5.16,-0.26,0.94,0.57,0.77,1.6,0.05,-0.82,-1.04,-1.07,1.68,-2.6,-0.27,4.94,1.36,0.32,0.59,2.21,0.72,0.01,-0.17,0.01,0.2,0.46,-0.6,-0.27,-1.81,-4.81
201704,-0.93,4.88,0.99,2.34,-2.77,0.77,1.06,1.32,-4.24,-0.25,0.87,-0.38,-4.45,-1.69,-0.65,-1.94,4.65,2.76,2.31,1.44,4.53,2.32,1.16,-0.1,0.63,1.11,-0.02,1.03,-1.38,-0.84,-1.2,-0.6
201705,-2.9,2.4,1.57,-0.16,-7.11,-1.12,-1.42,-2.16,-5.25,-0.81,-2.95,-0.06,-2.85,-1.77,-2.84,-5.88,2.69,5.19,2.28,2.16,-2.49,3.82,0.35,-1.44,-1.67,0.42,0.34,1.29,-1.99,-0.3,-0.76,-3.81
201706,9.03,4.35,2.74,2.66,5.94,4.93,3.84,3.18,3.76,3.02,4.19,4.68,1.75,2.79,4.12,4.11,1.21,0.66,2.23,0.45,2.39,0.25,2.24,2.51,-0.13,2.33,1.39,1.2,1.45,2.84,0.22,8.41
201707,1.72,2.02,-0.57,0.64,-0.51,1.03,0.46,0.4,-0.54,1.73,0.94,1.48,-0.13,2.34,0.75,0.85,3.2,4.15,2.42,0.91,4.23,1.54,1.44,1.03,2.34,1.83,0.7,1.45,3.23,3.11,0.92,1.91
201708,-1.32,1.42,1.5,-1.68,-2.29,1.03,-1.6,-1.67,0.86,-2.84,-2.38,-1.13,-0.99,-0.52,-2.07,0.17,2.08,2.19,1.07,-0.34,1.5,0.28,-0.63,-0.56,-1.41,0.66,1.14,-0.05,-2.66,-0.66,0.26,-2.45
201709,7.91,4.64,3.88,4.57,13.78,3.92,7.45,7.02,10.3,6.74,7.19,7.01,6.33,3.77,6.3,5.94,-0.55,1.73,1.73,3.57,7.26,3.16,2.32,3.23,5.24,3.41,2.4,-1.28,4.56,1.98,-0.23,8.93
201710,-0.21,-1.1,-0.14,1.38,-0.06,0.78,0.64,0.67,-0.6,-1.91,-0.08,0.2,3.58,-1.2,0.06,2.12,4.9,8.74,0.83,1.66,0.63,2.77,2.15,0.84,0.89,1.67,1.1,-1.29,0.29,1.7,1.18,-0.74
201711,7.65,0.12,1.65,3.46,6.32,0.72,1.79,3.43,3.54,1.42,2.02,5.5,8.14,2.97,1.52,2.71,1.39,2.46,2.43,4.96,0.71,2.64,3.64,4.27,2.1,3.85,3.29,6.94,2.22,3.13,0.55,6.58
201712,9.12,3.25,-0.04,1.54,3.44,1.16,0.39,1.68,8.72,2.82,-0.58,1.94,8.12,5.27,2.66,2.7,-0.57,-2.64,0.01,2.24,2.2,-0.25,1.76,2.3,2.7,0.03,0.84,1.67,1.73,1.33,2.37,5.56
201801,4.97,2.93,3.46,1.33,6.58,1.06,1.5,2.19,6.9,0.8,1.25,3.03,7.67,2.79,-0.32,0.21,10.47,13.72,4.48,5.12,0.8,6.47,5.45,3.96,3.33,3.46,4.04,2.5,3.29,2.7,1.18,2.06
201802,-5.87,-1.87,-4.77,-4.55,-5.3,-6.3,-4.04,-5.06,-3.77,-3.64,-3.42,-3.41,-5.75,-4.93,-4.8,-6.47,-2.15,3.82,-1.58,-3.2,-5.6,-4.93,-3.81,-4.75,-5.25,-4.63,-5.49,-3.28,-4.94,-4.64,-5.39,-5.19
201803,-2.19,0.16,0.09,2.16,-1.43,1.23,3.08,0.67,4.06,0.57,1.76,1.07,-3.65,0.16,0.99,-3.37,-0.99,1.19,-0.76,-0.83,0.83,-1.01,-1.22,-1.9,-0.49,0.61,-1.57,-0.58,0.95,-0.17,0.84,-2.66
201804,-1.06,3.45,2.88,0.88,1.88,1.38,0.73,0.66,-1.95,2.29,2.36,1.46,0.9,4.58,2.12,1.78,2.23,-0.24,-1.8,-0.58,4,0.37,-0.37,-0.71,1.85,0.08,-0.21,-3.36,1.32,-0.38,-2.44,0.29
201805,5.89,8.45,7.78,4.06,6.3,7.6,6.31,4.12,3.14,2.86,4.73,4.13,1.36,0.78,3.41,4.2,8,8.01,5.28,2.45,4.27,3.42,2.58,-1.09,2.35,1.65,0.89,2,1.33,0.03,-0.6,-0.31
201806,-2.18,2.29,1.52,2.19,-4.17,-0.16,0.72,1.3,-5.09,0.43,0.29,1.56,1.66,-0.28,0.38,-1.98,2.34,-2.79,2.27,1.6,1.52,0.8,1.76,2.95,1.29,-1.28,0.6,2.63,-0.34,-1.59,0.2,1.22
201807,-4.41,0.46,1.91,2.53,-3.74,0.72,3.71,1.78,-4.66,0.99,0.5,0.13,-1.77,-0.08,0.01,0.04,0.22,-0.97,3.22,2.81,-2.5,2.75,3.3,3.7,3.19,3.89,1.45,2.16,2.02,3.08,1.3,-2.97
201808,5.44,12.05,13.29,3.11,4.92,3.74,4.72,2.27,1.26,0.63,0.98,1.94,-2.81,1.25,-0.91,0.59,14.85,11.01,5.34,3.98,12.78,4.31,2.75,1.21,0.16,1.3,0.4,2.96,-0.94,-0.05,-0.4,-0.71
201809,3.53,3.19,0.41,-1.77,-1.81,-1.91,-2.74,-1.65,-1.62,0.07,-3.24,-2.23,-2.38,0,-1.07,-2.06,-1.83,0.86,1.01,0.46,-0.26,0.55,0.93,0.26,-0.31,-0.7,-0.88,-1.08,-0.12,-2.04,-0.09,-2.09
201810,-15.89,-12.24,-12.55,-10.19,-13.38,-9.53,-9.87,-9.91,-15.67,-8.33,-7.87,-9.6,-12.69,-8.23,-8.76,-10.24,-12.53,-10.6,-10.77,-8.52,-12.58,-7.84,-8.74,-8.69,-9.19,-8.27,-7.41,-6.95,-8.58,-7.26,-5.09,2.51
201811,-0.52,-0.42,-2.85,-0.57,-2.41,-1.39,1.72,-0.69,-4.86,-1.51,0.85,-3.36,-6.48,-3.68,-4.62,-2.98,3.97,4.69,3.97,3.04,1.7,2.62,2.56,2.21,-1.32,3.03,3.07,6.6,1.42,1.1,0.39,-2.58
201812,-15.16,-10.11,-11.43,-11.73,-17.68,-9.91,-10.67,-10.49,-16.5,-9.45,-10.89,-10.79,-14.48,-9.69,-9.99,-11.75,-9.54,-9.85,-8.8,-8.91,-11.57,-8.59,-9.85,-11.44,-10.38,-10.29,-10.87,-8.83,-11.41,-11.37,-8.26,-4.32
201901,21.77,16.32,13.86,13.39,18.63,13.95,10.26,11.96,19.88,12.42,8.47,12.02,19.51,12.5,11.12,15.91,18.66,12.45,11.57,9.66,16.66,8.99,8.95,11.36,11.26,9.61,12.57,10.88,11.93,11.86,7.77,5.34
201902,4.62,1.92,5.65,6.25,6.27,7.44,5.69,3.62,10.81,4.64,5,3.11,2.56,3.93,4.02,6.34,6.94,11.01,4.75,6.18,7.86,6.29,5.06,2.37,4.34,5.12,2.25,2.73,1.64,2.69,1.39,-3.94
201903,1.38,-0.93,0.54,-2.36,3.46,-0.06,-1.37,-3.46,-0.65,-3.72,-3.15,-4.75,-0.83,-2.81,-3.74,-3.99,-0.05,1,0.63,1.86,-0.13,1.38,2.05,-0.61,0.95,-0.49,-0.26,-2.22,-0.57,-2.34,0.17,-1.38
201904,-1.8,4.52,2.75,3.6,-2.02,0.35,3.29,4.26,1.89,1.4,3.97,1.39,0.42,2.26,1.64,0.19,0.74,3.11,3.68,3.89,3.36,5.44,4.12,4.01,2.97,4.03,3.88,3.14,4.5,5.75,4.36,-0.12
201905,-6.1,-4.17,-7.56,-8.24,-7.86,-5.01,-6.84,-8.37,-12.15,-6.4,-6.92,-11.56,-11.51,-5.69,-9.05,-12.28,-6.56,-4.8,-9.28,-6.72,-7.21,-5.44,-7.76,-6.1,-4.37,-6.03,-7.19,-10.02,-8.58,-8.46,-8.53,-9.04
201906,5.77,3.26,5.42,8.38,-0.43,4.98,6.41,7.98,-1.31,5.69,6.88,5.38,2.49,5.22,4.26,6.05,7.14,4.96,9.15,7.15,8.2,6.57,8.39,8.14,8.22,7.35,7.95,7.99,7.26,7.07,10.38,7.66
201907,-5.66,-1.5,-0.19,0.42,-5.6,0.21,0.27,0.03,-8.66,-0.21,0.31,-1.52,-4.13,-0.16,1.22,-4.55,4.45,1.11,1.66,1.43,1.31,1.34,0.97,1.51,1.62,1.2,0.69,1.34,0.38,1.07,-1.52,10.52
201908,-2.62,-5.55,-6.45,-5.22,-5.34,-3.57,-5.61,-5.77,-7.93,-2.85,-4.51,-3.18,-5.42,-5.31,-7.58,-10.23,-2.7,-4.64,-1.1,-0.5,-3.65,-1.81,-2.33,-3.41,-4.05,-1.07,-4.13,-7.52,-4.66,-5.68,-6.91,-7.63
201909,-4.7,-3.32,-0.62,1.2,-5.29,-0.12,2.68,6.13,1.04,1.73,5.15,6.48,1.82,2.98,5.85,9.57,-9.25,-0.01,-3,0.88,-1.79,0.39,0.47,2.35,-0.27,3.14,5.15,6.64,5.64,5.57,4.08,1.23
201910,-1.06,1.58,2.39,1.2,-4.06,-0.59,0.21,1.36,0.67,0.07,1.46,-0.38,-6.54,-1.91,-2.39,-3.15,4.67,-0.89,2.24,1.89,-3.48,0.51,0.75,1.65,0.88,0.91,0.48,1.11,-0.36,1.13,-2.48,-1.33
201911,4.79,5.33,5.58,3.49,-0.94,0.1,4.12,2.47,10.37,2.46,2.56,1.04,1.95,-1.12,2.05,1.76,10.96,3.21,6.38,3.85,7.78,3.2,4.93,2.82,4.09,3.52,3.19,5.04,2.82,4.04,4.03,-1.99
201912,5.16,3.69,3.6,2.44,11.79,5.06,3.26,3.62,8.98,5.21,4.4,5.19,16.47,7.92,9.13,12.68,-1.39,0,1.02,3.13,1.2,2.87,1.09,2.64,4.45,2.55,3.91,3.39,4.19,2.38,3.59,10.99
202001,3,0.39,1.44,-2.98,3.15,0.61,-2.67,-5.53,4.57,-1.47,-5.76,-7.69,4.54,-2.7,-6.84,-10.57,8.26,1.47,1.44,-1.02,1.63,-0.36,-0.55,-4.31,1.04,1.12,-2.71,-7.51,-2.39,-4.69,-6.95,0.33
202002,-5.9,-6.91,-7.33,-8.1,-5.61,-6.82,-7.45,-11.65,-6.39,-7.59,-9.12,-10.55,2.34,-9.68,-11.18,-10.67,-3.66,-4.97,-6.44,-8.7,-7.13,-7.51,-7.48,-8.12,-6,-9.44,-9.69,-12.27,-9.73,-12.13,-10.68,-9.89
202003,-17.97,-18.07,-17.71,-24.19,-20.02,-19.35,-19.86,-26.67,-20.76,-24.39,-25.59,-32.9,-29.64,-28.05,-33.05,-41.83,-13.42,-6.52,-11.74,-12.85,-18.69,-12.08,-15.34,-18.95,-15.28,-17.48,-21.94,-28.61,-27.15,-28.63,-33.09,-36.01
202004,27.18,22.93,19.06,20.73,26.65,20.02,14.44,18.86,21.33,17.2,12.72,23.61,38.98,23.96,24.35,38.72,20.63,19.63,16.12,13.66,20.86,13.98,14.03,15.75,17.29,11.3,14.33,18.77,13.58,16.77,32.77,12.94
202005,13.08,11.09,11.38,8.14,17.01,6.54,2.52,5.52,21.16,6.35,0.72,6.61,15.5,7.92,5.04,5.14,17.95,9.81,10.76,6.99,4.17,8.65,7.04,7.93,6.58,4.97,6.26,1.38,4.51,1.74,3.65,5.7
202006,11.94,5.8,2.74,4.63,12.56,4.27,3.98,5.16,15.91,7.12,5.39,6.99,10.6,9.82,5.9,10.11,6.05,5.4,3.04,0.81,7.93,0.03,0.31,1.9,-1.58,-0.45,0.44,7.52,1.71,2.23,6.46,4.87
202007,6.22,5.37,5.36,2.86,14.04,4.96,3.99,2.55,20.25,7.45,-1.79,2.96,16.83,8.98,5.06,1.09,6.49,10.36,7.5,5.46,9.91,7.29,8.73,5.95,8.2,6.44,4.64,2.68,4.36,2.3,5.65,-0.94
202008,7.72,8.57,3.55,8.22,0.14,7.37,4,8.92,-3.49,4.81,4.54,7.68,4.6,8.09,8.41,10.03,5.86,9.82,3.72,6.63,0.06,2.18,5.02,4.7,3.24,2.82,5.27,6.68,3.98,2.35,3.8,10.34
202009,-3.24,1.5,-1.88,-2.43,-3.24,-2.6,-4.65,-3.9,-5.4,-3.22,-4.74,-4.19,-1.39,-2.85,-6.14,-7.32,1.66,-1.3,-1.4,-1.65,0.84,-2.53,-0.97,-1.44,-1.54,-1.43,-1.55,-1.42,-5.84,-3.31,-2.96,-9.89
202010,-2.44,2.68,0.97,1.8,-5.38,1.58,2.99,2.29,-2.1,1.35,6.84,1.53,-0.13,0.4,4.9,-1.45,0.25,-0.79,-0.17,-2.62,0.15,-0.51,0.18,-0.93,-1.07,-0.39,-0.42,0.23,1.29,-0.41,-1.22,0.92
202011,20.6,22.01,16.27,18.86,22.16,18.74,15.89,19.53,22.94,17.52,17.75,21.67,28.24,24.59,23.99,36.01,13.62,19.26,12.62,12.95,19.93,9.84,9.81,15.06,14.07,8.26,14.84,12.33,17.99,17.88,14.9,22.88
202012,15.19,14.24,12.42,7.98,16.06,13.47,7.67,8.22,11.12,8.95,7.13,9.63,15.39,14.9,9.43,9.24,6.59,7.08,8.37,4.63,5.11,5.64,3.74,3.67,6.29,2.9,5.43,2.07,4.52,4.35,4.77,-0.39
202101,17.29,9.02,2.64,3.03,21.09,11.34,3.65,2.35,32.37,9.59,2.68,6.21,42.49,15.97,6.58,24.89,3.99,2.46,-3.4,-3.34,5.39,1.27,-2.31,-0.35,-1.38,-1.19,0.85,-0.62,0.14,0.9,1.23,10.07
202102,9.53,9.59,5.65,8.42,18.32,10.14,6.52,10.46,17.46,11.11,11.45,12.73,12.83,16.06,15.49,19.1,1.43,0.86,4.21,3.52,-2.13,0.08,2.93,6.26,7.02,2.6,6.42,4.96,8.74,8.33,8.37,10.64
202103,-4.75,-6.67,-0.1,3.45,-4.35,-1.53,3.61,6.72,-2.31,2.79,7.53,5.68,-2.1,1.66,6.48,5.49,-11.36,-1.18,-0.1,3.76,-3.96,0.93,6,6.49,1.3,7.24,9.63,7.51,4.87,8.97,6.99,9.91
202104,-1.8,1.44,5.4,3.81,-0.65,4.17,1.76,3.75,-2.62,1.15,2.89,3.25,-1.15,2.62,3.74,2.18,7.01,6.99,2.42,5.8,3.1,4.17,5.09,4.31,3.95,4.94,4.01,3.62,5.13,4.9,3.53,6.77
202105,-1.62,-1.73,-1.82,2.38,-2.57,5.37,1.75,2.84,0.34,4.85,3.58,4.61,-0.73,6.9,7.97,16.17,-3.38,-4.52,-2.21,0.4,-5.57,-0.9,0.46,0.97,2.28,1.55,2.3,2.42,3.23,4.4,6.17,11.13
202106,3.52,7.2,5.3,0.13,1.58,1.83,0.1,-0.57,0.37,0,-2.72,0.13,8.02,1.59,2.17,8.3,11.99,6.95,8.24,2.55,10.44,3.12,1.26,-0.26,0.44,-0.79,-2.43,-2.17,-2.42,-3.19,-2.85,1.33
202107,-9.77,-7.01,-2.84,-0.53,-11.15,-5.66,-0.15,-0.13,-10.96,-5.8,-1.2,-1.1,-8.07,-5.01,-1.15,-2.18,-5.24,5.83,3.54,2.86,-6.7,3.21,2.8,1.71,-4.01,1.86,1.69,1.59,-4.26,-1.14,0.52,-0.89
202108,0.99,1.49,1.68,1.1,3.47,1.12,-0.14,1.05,2.55,0.39,1.79,1.13,-3.75,0.76,1.59,2.6,3.32,6.56,1.39,2.19,3.59,0.92,1.6,2.3,0.48,0.22,1.62,4.23,3.08,3.56,2.23,-1.63
202109,-5.57,-4.98,-4.58,-4.27,-3.62,-4.36,-4.48,-4.11,-3.03,-2.26,-1.09,-2.32,0.25,0.62,1.74,0.19,-5.38,-4.22,-5.6,-5.51,-2.54,-5.74,-4.8,-5.38,-2.32,-4.34,-4.11,-5.51,0.22,-0.69,-4,-3.22
202110,-0.37,3.76,3.73,4.69,-4.43,1.91,5.1,5.07,-1.68,2.26,3.25,5.29,1.51,5.57,3.79,5.9,4.25,10.72,7.68,6.74,3.37,4.56,6.9,5.16,4.91,6.2,4.74,3.05,5.25,6.39,1.71,1.8
202111,-11.39,-10.43,-6.03,-4.43,-11.01,-6.62,-4.25,-1.69,-9.61,-6.5,-2.49,-2.33,-10.43,-6.99,-2.42,-4.64,-10.09,-5.99,-4.96,-1.06,-11.49,-5.31,-1.58,-2.15,-8.3,-2.04,-2.3,-1.28,-5.06,-3.44,-4.72,1.77
202112,-5.17,-4.37,0.21,1.76,-7.94,-3.55,4.11,3.97,-5.59,-1.52,4.49,3.69,-4.06,1.69,3.55,4.03,-7.82,-1.23,7.15,4.62,-2.68,5.86,5.61,6.96,3.54,5.74,7.33,6.62,4.44,5.84,6.45,2.21
202201,-12.67,-14.33,-11.18,-8.82,-11.16,-13.6,-7.21,-7.37,-7.09,-6.23,-3.45,-4.05,3.25,-1.32,0.38,0.36,-18.45,-12.85,-15.19,-9.66,-13.58,-9.66,-8.21,-5.97,-1.17,-4.4,-4.55,-4.73,0.64,1.52,1.39,-2.39
202202,-1.63,-3.24,-0.37,-0.86,-0.78,-1.58,1.58,0.49,2.03,-0.18,0.93,0.27,3.51,2.23,1.96,4.88,-2.83,4.75,-1.76,-1.64,-2.11,-0.54,-4.01,-1.99,2.43,-0.18,-0.39,1,3.75,2.04,-0.98,-4.72
202203,4.65,0.42,1.81,0.61,6.26,0.77,1.68,0.62,8.17,3.66,1.14,0.8,5.71,7.67,2.73,1.38,1.14,1.84,3.93,0.62,-0.28,0.32,1.42,3.75,1.87,2.27,3.14,4.64,3.72,1.69,3.19,2.47
202204,-18.13,-18.54,-13.43,-10.4,-19.14,-16,-8.8,-8.08,-16.04,-11.88,-6.69,-6.46,-11.61,-6.63,-4.8,-2.97,-19.5,-19.05,-14.04,-6.4,-15.66,-7.28,-7.94,-5.63,-10.24,-6.11,-6.16,-4.14,-6.45,-5.65,-5.16,-6.27
202205,-9.64,-6.9,-1.01,1.17,-8.79,-6.38,0.26,0.46,-7.14,-4.67,2.37,0.84,-2.44,-2.36,1.88,2.55,-12.85,-4.15,-2.24,-0.95,-7.45,-0.75,1.16,-0.05,1.01,1.61,2.23,2.28,2.65,4.46,4.5,0.69
202206,-5.11,-6.74,-7.47,-7.05,-5.61,-5.02,-8.44,-6.77,-11.39,-9.59,-6.99,-9.07,-12.59,-12.25,-7.75,-10.36,-10.82,-7.26,-10.8,-7,-10.68,-8.08,-7.75,-8.18,-16.6,-8.11,-8.86,-9.15,-11.92,-10.75,-11.04,-12.66
202207,8.53,12.75,10.04,11.15,4.57,9.12,8.29,10.43,5.12,5.59,6.12,7.71,-0.69,3.15,4.32,7.52,9.68,14.77,16.55,11.99,13.11,10.77,9.83,9.05,8.21,6.59,5.8,9.19,6.79,6.17,4.69,13.49
202208,0.98,0.26,-1.7,-3.03,3.26,-1.39,-2.34,-3.83,1.41,-0.05,-2.51,-4.36,0.85,0.03,-1.4,-0.88,4.66,-4.8,-4.24,-4.77,-0.54,-3.91,-4.24,-3.77,-3.39,-1.76,-3.43,-1.95,-2.02,-1.43,-0.04,-3.54